booking_id,check_in_date,check_out_date,room_type,num_adults,num_children,total_price,customer_name,customer_email,payment_method
1,2022-06-23,2022-11-13,Single,4,1,301.24,Margret Cropper,mcropper0@ftc.gov,Credit Card
2,2022-07-07,2022-08-03,Double,2,2,392.13,Yancy Seefus,yseefus1@arstechnica.com,Credit Card
3,2022-03-24,2022-11-17,Double,4,2,85.46,Alyson Parkyn,aparkyn2@statcounter.com,Cash
4,2022-09-26,2022-04-13,Single,3,0,148.54,Gaby Gauge,ggauge3@who.int,PayPal
5,2022-07-01,2022-05-15,Single,1,2,446.09,Florina Lugsdin,flugsdin4@flavors.me,Cash
6,2022-10-25,2022-04-30,Single,4,0,467.77,Gifford Dwerryhouse,gdwerryhouse5@reddit.com,PayPal
7,2022-01-26,2022-03-14,Suite,4,0,441.23,Carmine Walisiak,cwalisiak6@merriam-webster.com,PayPal
8,2022-11-27,2022-02-07,Double,1,1,289.66,Mickie Cluley,mcluley7@mapy.cz,Credit Card
9,2022-03-31,2022-02-09,Single,3,2,399.44,Virgina Fortoun,vfortoun8@spotify.com,Cash
10,2022-05-10,2022-02-10,Suite,2,0,460.73,Lenka Corsan,lcorsan9@over-blog.com,Credit Card
11,2022-01-14,2022-07-13,Double,2,0,311.96,Jocelin Purnell,jpurnella@sciencedaily.com,Credit Card
12,2022-07-07,2022-03-23,Suite,3,0,277.37,Dominica Corain,dcorainb@instagram.com,Credit Card
13,2022-08-09,2022-03-18,Single,3,0,301.19,Jasmine Eppson,jeppsonc@howstuffworks.com,PayPal
14,2022-11-26,2022-05-23,Suite,3,2,433.5,Maritsa Ketteridge,mketteridged@msu.edu,Cash
15,2022-07-26,2022-10-16,Single,4,0,336.11,Arel Everly,aeverlye@intel.com,Credit Card
16,2022-06-06,2022-07-02,Double,3,2,235.22,Tucky Raffeorty,traffeortyf@japanpost.jp,Cash
17,2022-04-01,2022-08-02,Single,1,2,132.76,Stormy Haylock,shaylockg@accuweather.com,PayPal
18,2022-05-24,2022-06-02,Suite,1,2,221.12,Lewes Dimitrijevic,ldimitrijevich@mediafire.com,Cash
19,2022-02-21,2022-05-28,Single,4,0,372.07,Waylen Howkins,whowkinsi@jalbum.net,Credit Card
20,2022-04-28,2022-10-02,Double,1,2,213.7,Tanya Joysey,tjoyseyj@cnbc.com,Cash
21,2022-05-31,2022-08-01,Suite,3,0,303.89,Salvador Kenzie,skenziek@last.fm,Cash
22,2022-09-10,2022-12-10,Suite,2,2,280.02,Brittne Durtnell,bdurtnelll@mit.edu,Credit Card
23,2022-08-25,2022-06-09,Suite,2,2,88.39,Kerrin Brock,kbrockm@newyorker.com,Cash
24,2022-12-16,2022-09-06,Single,4,2,264.21,Eugine Earp,eearpn@admin.ch,Credit Card
25,2022-11-04,2022-06-03,Double,2,2,69.66,Alika Gerok,ageroko@simplemachines.org,PayPal
26,2022-01-01,2022-03-18,Suite,1,1,353.19,Nicolai Muirden,nmuirdenp@sohu.com,PayPal
27,2022-11-05,2022-06-12,Double,4,1,155.28,Melosa Gillan,mgillanq@networkadvertising.org,PayPal
28,2022-08-18,2022-05-13,Double,2,0,117.93,Aryn Crush,acrushr@de.vu,Credit Card
29,2022-01-29,2022-03-21,Suite,1,1,313.49,Humfried Redmire,hredmires@apple.com,Credit Card
30,2022-03-03,2022-02-10,Suite,3,1,218.73,Godfrey Maltman,gmaltmant@blogger.com,PayPal
31,2022-07-04,2022-01-19,Suite,1,2,360.84,Marna Collison,mcollisonu@businessinsider.com,Cash
32,2022-07-02,2022-01-02,Single,2,1,51.54,Flossy Kohnemann,fkohnemannv@seattletimes.com,Credit Card
33,2022-02-08,2022-12-14,Suite,1,2,64.19,Lilah Tookill,ltookillw@umich.edu,Cash
34,2022-04-21,2022-03-08,Suite,3,1,478.12,Anallese Hubble,ahubblex@squidoo.com,PayPal
35,2022-10-26,2022-06-07,Single,2,0,181.62,Joycelin Ledgley,jledgleyy@techcrunch.com,Credit Card
36,2022-05-06,2022-09-11,Single,3,2,169.8,Min Spinks,mspinksz@statcounter.com,PayPal
37,2022-08-08,2022-08-23,Single,4,2,486.86,Merla Frizell,mfrizell10@edublogs.org,Credit Card
38,2022-08-30,2022-12-07,Double,1,2,250.9,Tawnya Gilliland,tgilliland11@cafepress.com,Cash
39,2022-11-20,2022-07-16,Double,3,0,52.61,Taddeusz Clashe,tclashe12@dmoz.org,Cash
40,2022-10-26,2022-05-01,Single,2,0,201.88,Page Tomkiss,ptomkiss13@delicious.com,PayPal
41,2022-11-29,2022-02-19,Double,2,1,78.33,Sheryl Goode,sgoode14@huffingtonpost.com,PayPal
42,2022-08-09,2022-06-02,Suite,4,1,484.61,Gillan Baggett,gbaggett15@cmu.edu,Cash
43,2022-05-23,2022-03-10,Suite,1,2,237.84,Doll Alvarado,dalvarado16@fema.gov,Credit Card
44,2022-03-05,2022-03-19,Suite,2,1,243.64,Alberik Seabrook,aseabrook17@cyberchimps.com,PayPal
45,2022-08-18,2022-10-31,Suite,1,1,193.65,Anestassia Brigshaw,abrigshaw18@amazon.de,Credit Card
46,2022-09-18,2022-06-07,Suite,2,0,311.57,Arielle Bartlett,abartlett19@webnode.com,PayPal
47,2022-10-30,2022-05-06,Suite,1,1,276.32,Mendie Youle,myoule1a@usatoday.com,Cash
48,2022-11-27,2022-06-11,Double,3,1,257.68,Gloriana Grinov,ggrinov1b@salon.com,Credit Card
49,2022-09-14,2022-01-11,Single,2,2,235.85,Mord de la Tremoille,mde1c@seattletimes.com,Cash
50,2022-01-28,2022-05-19,Suite,4,1,251.72,Vallie Goodship,vgoodship1d@mediafire.com,Credit Card
51,2022-10-02,2022-11-15,Suite,4,1,145.99,Tedda Giacobini,tgiacobini1e@tamu.edu,Cash
52,2022-02-22,2022-05-28,Suite,1,2,88.12,Elianore Roggieri,eroggieri1f@home.pl,PayPal
53,2022-08-04,2022-11-19,Suite,2,1,120.24,Cyrill Stoacley,cstoacley1g@toplist.cz,Credit Card
54,2022-03-23,2022-02-06,Double,3,0,448.33,Willa Manifield,wmanifield1h@networkadvertising.org,Credit Card
55,2022-02-26,2022-06-28,Single,2,1,478.66,Billie Crichmere,bcrichmere1i@unesco.org,PayPal
56,2022-07-10,2022-07-27,Suite,3,0,472.96,Reggie Ertelt,rertelt1j@wikispaces.com,PayPal
57,2022-02-12,2022-05-25,Double,1,0,281.61,Sauveur Maker,smaker1k@unc.edu,Cash
58,2022-06-06,2022-09-10,Suite,3,1,73.4,Latashia Eastbrook,leastbrook1l@surveymonkey.com,Cash
59,2022-06-15,2022-06-03,Suite,1,1,372.69,Darsey Ellams,dellams1m@4shared.com,Credit Card
60,2022-04-07,2022-12-29,Double,4,2,285.9,Ashely Wolters,awolters1n@chronoengine.com,PayPal
61,2022-04-09,2022-01-14,Double,1,1,146.48,Lauretta Shadwick,lshadwick1o@etsy.com,Credit Card
62,2022-01-14,2022-06-15,Suite,2,1,486.0,Vassili Iacovone,viacovone1p@ibm.com,Cash
63,2022-03-28,2022-09-18,Double,1,1,391.98,Timothea Eccleston,teccleston1q@tuttocitta.it,Cash
64,2022-11-02,2022-02-12,Suite,2,0,477.88,Gui Nudde,gnudde1r@jigsy.com,PayPal
65,2022-11-09,2022-04-11,Double,3,1,171.25,Lenee Gietz,lgietz1s@yahoo.com,Cash
66,2022-11-05,2022-03-31,Single,2,1,88.74,Dougy Ege,dege1t@timesonline.co.uk,Credit Card
67,2022-10-26,2022-02-23,Single,3,2,413.55,Ivory Ferfulle,iferfulle1u@google.ru,Cash
68,2022-11-06,2022-07-06,Double,3,2,194.42,Annemarie Marley,amarley1v@nasa.gov,PayPal
69,2022-11-26,2022-06-19,Suite,1,1,248.63,Marcellus De Mattei,mde1w@youtu.be,PayPal
70,2022-01-18,2022-07-21,Single,2,0,117.93,Trudie McTiernan,tmctiernan1x@webmd.com,Credit Card
71,2022-10-02,2022-04-20,Single,1,0,280.81,Fairfax McWard,fmcward1y@blogs.com,PayPal
72,2022-07-09,2022-04-27,Suite,3,0,145.88,Natalya Stickney,nstickney1z@google.com,Credit Card
73,2022-12-10,2022-08-27,Suite,1,2,249.65,Lanny Volke,lvolke20@tripadvisor.com,PayPal
74,2022-06-19,2022-12-25,Double,4,1,402.8,Gilles Goldstein,ggoldstein21@vk.com,Cash
75,2022-05-21,2022-03-12,Suite,3,2,141.92,Marshal Muncer,mmuncer22@prweb.com,Credit Card
76,2022-12-30,2022-09-28,Double,1,0,286.91,Allistir Tidball,atidball23@facebook.com,Credit Card
77,2022-08-31,2022-04-21,Double,4,0,183.87,Olivie Kemmey,okemmey24@list-manage.com,PayPal
78,2022-10-25,2022-02-25,Double,3,1,102.8,Cherry Creegan,ccreegan25@microsoft.com,Cash
79,2022-12-07,2022-02-18,Single,1,1,87.0,Shellie Skull,sskull26@twitter.com,Cash
80,2022-08-06,2022-12-01,Single,4,1,213.17,Prisca Creser,pcreser27@google.com.br,Credit Card
81,2022-10-02,2022-03-22,Suite,1,0,484.43,Alberto Bamb,abamb28@tinypic.com,Credit Card
82,2022-04-14,2022-04-11,Suite,2,2,410.98,Chanda Henrie,chenrie29@berkeley.edu,PayPal
83,2022-12-25,2022-05-17,Suite,1,1,161.95,Stepha Upsale,supsale2a@liveinternet.ru,Credit Card
84,2022-08-25,2022-05-20,Single,1,0,368.0,Erl Bodill,ebodill2b@comcast.net,Cash
85,2022-01-14,2022-05-14,Suite,3,2,184.91,West Lidgate,wlidgate2c@virginia.edu,Credit Card
86,2022-08-06,2022-09-06,Double,3,2,384.62,Mychal McVane,mmcvane2d@4shared.com,Credit Card
87,2022-07-14,2022-09-26,Suite,4,2,84.0,Lanita Llewellin,lllewellin2e@addthis.com,Credit Card
88,2022-03-14,2022-10-10,Single,4,1,250.87,Erik Peace,epeace2f@cocolog-nifty.com,Credit Card
89,2022-08-26,2022-10-11,Suite,1,1,303.33,Adele Farlambe,afarlambe2g@comsenz.com,PayPal
90,2022-07-14,2022-12-22,Suite,3,0,53.96,Aloysius Stean,astean2h@alibaba.com,PayPal
91,2022-08-23,2022-09-02,Single,3,2,462.73,Kacie Cartmael,kcartmael2i@xing.com,PayPal
92,2022-03-09,2022-08-16,Suite,4,0,438.03,Annabelle Erskine Sandys,aerskine2j@wiley.com,Cash
93,2022-02-22,2022-06-30,Suite,2,0,232.31,Indira Hailey,ihailey2k@stumbleupon.com,Cash
94,2022-04-28,2022-04-21,Suite,3,1,95.84,Robb Arthan,rarthan2l@zdnet.com,Cash
95,2022-12-16,2022-06-10,Double,4,0,274.64,Alwyn Schoular,aschoular2m@i2i.jp,Credit Card
96,2022-08-04,2022-08-09,Suite,3,2,367.1,Tim Allbrook,tallbrook2n@chronoengine.com,PayPal
97,2022-09-24,2022-12-22,Suite,2,1,401.68,Milissent Dangl,mdangl2o@samsung.com,PayPal
98,2022-07-05,2022-01-06,Single,3,0,57.24,Alisander Richemond,arichemond2p@unicef.org,PayPal
99,2022-03-08,2022-01-19,Double,4,1,96.56,Sutherland Paireman,spaireman2q@bloglovin.com,Credit Card
100,2022-05-10,2022-03-08,Double,1,1,273.92,Rodney Ensley,rensley2r@sitemeter.com,Cash
101,2022-05-30,2022-07-05,Single,4,0,67.62,Lucho Gehrtz,lgehrtz2s@mashable.com,PayPal
102,2022-11-02,2022-10-21,Single,1,0,347.81,Jenilee Gligoraci,jgligoraci2t@shareasale.com,PayPal
103,2022-07-10,2022-03-13,Double,1,1,227.33,Lauren Teliga,lteliga2u@chicagotribune.com,PayPal
104,2022-09-24,2022-03-14,Suite,4,2,424.16,Dud Dederick,ddederick2v@admin.ch,PayPal
105,2022-03-21,2022-02-10,Double,2,1,343.7,Moises Wetherick,mwetherick2w@epa.gov,Cash
106,2022-07-24,2022-10-04,Double,1,2,275.5,Xaviera Parlot,xparlot2x@sun.com,Credit Card
107,2022-10-30,2022-06-04,Suite,1,0,402.6,Dorisa Davson,ddavson2y@yellowbook.com,Credit Card
108,2022-04-19,2022-04-24,Single,4,1,92.22,Nissy Beatson,nbeatson2z@auda.org.au,Cash
109,2022-07-13,2022-06-21,Single,3,1,302.56,Todd Galego,tgalego30@sourceforge.net,Credit Card
110,2022-03-09,2022-07-31,Double,4,2,233.79,Dacie Mocher,dmocher31@wired.com,Cash
111,2022-05-15,2022-01-01,Double,3,0,81.24,Di Patrickson,dpatrickson32@hp.com,Cash
112,2022-10-28,2022-02-13,Double,2,2,259.56,Powell Brugsma,pbrugsma33@washingtonpost.com,Cash
113,2022-05-25,2022-11-10,Single,2,0,81.52,Carleen Crumb,ccrumb34@godaddy.com,Cash
114,2022-06-29,2022-03-24,Suite,2,2,119.64,Gustavus Nussen,gnussen35@cbc.ca,PayPal
115,2022-06-15,2022-02-27,Double,2,0,426.46,Leela Smoote,lsmoote36@xing.com,Cash
116,2022-07-15,2022-08-28,Single,2,0,306.56,Royal Pillman,rpillman37@plala.or.jp,Cash
117,2022-05-01,2022-07-20,Single,4,0,273.42,Tori Giovanardi,tgiovanardi38@indiatimes.com,Cash
118,2022-06-05,2022-01-29,Single,4,0,358.21,Dottie Wraxall,dwraxall39@miitbeian.gov.cn,Cash
119,2022-03-16,2022-08-19,Suite,2,0,290.0,Husein Spaight,hspaight3a@godaddy.com,Cash
120,2022-08-21,2022-05-11,Single,1,1,292.49,Wallis De La Hay,wde3b@imageshack.us,Cash
121,2022-12-16,2022-12-30,Double,3,0,496.35,Langsdon Forrest,lforrest3c@yandex.ru,PayPal
122,2022-12-13,2022-01-23,Double,2,2,470.47,Del Laing,dlaing3d@wsj.com,Credit Card
123,2022-08-05,2022-02-27,Double,1,2,93.62,Niel Cummine,ncummine3e@sfgate.com,PayPal
124,2022-02-27,2022-02-11,Double,1,1,233.15,Meryl Knudsen,mknudsen3f@ezinearticles.com,Credit Card
125,2022-10-17,2022-08-21,Double,1,2,99.09,Devin Jurasz,djurasz3g@example.com,PayPal
126,2022-10-02,2022-05-18,Single,3,2,431.64,Gerome Grigori,ggrigori3h@trellian.com,Cash
127,2022-01-06,2022-02-22,Double,4,1,372.72,Aileen MacColl,amaccoll3i@wordpress.org,Credit Card
128,2022-07-24,2022-10-12,Double,2,2,478.27,Malory Haville,mhaville3j@freewebs.com,PayPal
129,2022-02-05,2022-08-19,Single,4,1,113.58,Rhodia Ginie,rginie3k@aboutads.info,Cash
130,2022-10-10,2022-03-15,Double,4,0,428.66,Alfie Dering,adering3l@weather.com,Cash
131,2022-09-06,2022-11-07,Suite,4,2,491.4,Maxy Millott,mmillott3m@tumblr.com,PayPal
132,2022-05-15,2022-08-25,Single,4,2,274.34,Allys Wike,awike3n@topsy.com,PayPal
133,2022-08-18,2022-01-14,Suite,4,2,106.17,Wenda Ricold,wricold3o@tumblr.com,Credit Card
134,2022-12-16,2022-03-09,Single,4,1,331.15,Rea Lube,rlube3p@blog.com,PayPal
135,2022-10-22,2022-06-21,Double,3,1,231.26,Giffie Barsham,gbarsham3q@shareasale.com,PayPal
136,2022-06-28,2022-10-30,Single,2,0,414.28,Ado Claque,aclaque3r@admin.ch,Credit Card
137,2022-05-04,2022-04-20,Double,3,0,373.3,Deane Juste,djuste3s@constantcontact.com,Credit Card
138,2022-02-04,2022-12-24,Single,1,0,372.87,Teressa Bearblock,tbearblock3t@1688.com,PayPal
139,2022-02-17,2022-04-14,Suite,3,1,64.8,Bevan Speake,bspeake3u@unblog.fr,Cash
140,2022-05-22,2022-11-05,Double,3,1,353.22,Ingelbert Brouwer,ibrouwer3v@mozilla.org,Cash
141,2022-03-13,2022-05-15,Suite,1,0,375.61,Gwenni Housecroft,ghousecroft3w@fema.gov,Credit Card
142,2022-09-01,2022-08-23,Single,3,2,335.13,Asia Pfeffer,apfeffer3x@msu.edu,PayPal
143,2022-06-18,2022-01-04,Double,4,0,71.67,Benedikt Baldazzi,bbaldazzi3y@auda.org.au,Credit Card
144,2022-04-12,2022-01-09,Double,4,0,223.73,Fergus Girvin,fgirvin3z@friendfeed.com,Credit Card
145,2022-12-28,2022-01-12,Suite,2,2,185.97,Ruben Klulisek,rklulisek40@oakley.com,Cash
146,2022-03-31,2022-08-04,Suite,1,1,347.63,Brit Bickmore,bbickmore41@w3.org,Credit Card
147,2022-12-13,2022-10-07,Double,1,2,392.05,Robinia Baus,rbaus42@un.org,Credit Card
148,2022-02-02,2022-02-12,Double,1,0,172.55,Cary Rojas,crojas43@jugem.jp,Cash
149,2022-10-10,2022-07-12,Suite,2,2,261.3,Charley Shipley,cshipley44@pen.io,PayPal
150,2022-02-18,2022-09-28,Single,3,2,496.96,Aili Corbishley,acorbishley45@paypal.com,PayPal
151,2022-10-30,2022-02-03,Single,2,1,70.02,Meara Piegrome,mpiegrome46@mozilla.com,Credit Card
152,2022-01-06,2022-03-10,Double,2,1,495.2,Saraann Pass,spass47@netlog.com,PayPal
153,2022-07-20,2022-11-30,Double,4,0,223.07,Eugenia Peace,epeace48@bbc.co.uk,Credit Card
154,2022-04-14,2022-11-17,Double,1,0,109.01,Sven Cornau,scornau49@yale.edu,PayPal
155,2022-01-07,2022-10-30,Single,1,1,206.14,Flinn Sher,fsher4a@google.ru,PayPal
156,2022-09-28,2022-09-21,Single,4,1,274.39,Kameko Bingham,kbingham4b@aboutads.info,Credit Card
157,2022-11-25,2022-04-08,Suite,4,0,430.0,Krishna Pavlovic,kpavlovic4c@europa.eu,PayPal
158,2022-04-25,2022-10-12,Suite,4,2,231.04,Biron Di Claudio,bdi4d@friendfeed.com,Cash
159,2022-08-15,2022-06-18,Suite,2,0,456.16,Rici Murfin,rmurfin4e@mlb.com,Cash
160,2022-11-05,2022-12-16,Suite,3,2,231.87,Nerty Simounet,nsimounet4f@pinterest.com,Cash
161,2022-12-01,2022-08-08,Single,1,1,105.13,Sanford Jirsa,sjirsa4g@ed.gov,Cash
162,2022-02-27,2022-05-09,Suite,4,0,165.53,Abbie Cicculini,acicculini4h@mapy.cz,Credit Card
163,2022-12-15,2022-04-25,Suite,3,1,409.17,Berthe Cocklie,bcocklie4i@wordpress.org,Credit Card
164,2022-11-08,2022-09-20,Single,1,2,438.74,Belvia Vankin,bvankin4j@mac.com,Credit Card
165,2022-04-08,2022-06-12,Suite,2,2,110.13,Dania Kershaw,dkershaw4k@admin.ch,Cash
166,2022-12-15,2022-09-17,Suite,4,1,422.44,Angeline Feely,afeely4l@google.fr,PayPal
167,2022-06-24,2022-05-16,Double,3,1,443.92,Rheba Ponceford,rponceford4m@reuters.com,PayPal
168,2022-11-26,2022-06-24,Double,3,1,378.25,Chadwick Fear,cfear4n@google.co.jp,Credit Card
169,2022-03-09,2022-10-25,Single,1,1,226.13,Sibyl Janiak,sjaniak4o@columbia.edu,Credit Card
170,2022-11-07,2022-12-29,Suite,2,1,295.25,Madonna Salthouse,msalthouse4p@naver.com,Cash
171,2022-05-29,2022-02-11,Double,2,2,336.93,Aryn Moret,amoret4q@ocn.ne.jp,PayPal
172,2022-05-28,2022-08-27,Suite,1,2,215.73,Toiboid Farmar,tfarmar4r@zimbio.com,Credit Card
173,2022-05-11,2022-10-17,Double,2,2,188.53,Perkin Scupham,pscupham4s@ameblo.jp,Cash
174,2022-10-17,2022-05-12,Single,1,0,280.44,Bryce Sarsons,bsarsons4t@networksolutions.com,PayPal
175,2022-01-17,2022-07-20,Suite,1,1,139.37,Terence Dudderidge,tdudderidge4u@usgs.gov,PayPal
176,2022-11-18,2022-04-01,Single,1,2,63.94,Olenolin True,otrue4v@wordpress.org,PayPal
177,2022-12-18,2022-05-23,Single,2,0,83.65,Oswell Shaw,oshaw4w@alexa.com,Credit Card
178,2022-03-13,2022-03-06,Single,1,2,341.97,Iago Vila,ivila4x@linkedin.com,PayPal
179,2022-08-07,2022-09-14,Single,4,0,456.5,Theodoric Botte,tbotte4y@dyndns.org,Credit Card
180,2022-10-19,2022-01-25,Double,1,2,51.01,Esmaria Towlson,etowlson4z@sitemeter.com,Credit Card
181,2022-04-16,2022-04-03,Single,3,1,217.23,Mitch Kieff,mkieff50@utexas.edu,Cash
182,2022-05-11,2022-12-05,Double,2,0,213.85,Janeen Lansdale,jlansdale51@cyberchimps.com,Credit Card
183,2022-08-11,2022-05-04,Double,1,0,76.3,Neille Hendriksen,nhendriksen52@jimdo.com,Cash
184,2022-09-03,2022-07-21,Double,3,0,84.09,Genevra Kedslie,gkedslie53@google.nl,PayPal
185,2022-02-08,2022-03-18,Single,1,2,357.21,Bill Covendon,bcovendon54@ehow.com,Cash
186,2022-03-23,2022-05-19,Suite,2,0,79.66,Nolly MacAiline,nmacailine55@ebay.com,Cash
187,2022-12-11,2022-06-05,Suite,3,2,452.94,Jessy Lensch,jlensch56@vkontakte.ru,PayPal
188,2022-11-18,2022-06-04,Suite,3,2,131.04,Lorelei Simoncini,lsimoncini57@shutterfly.com,Credit Card
189,2022-11-26,2022-02-23,Double,4,1,404.17,Loise Grigoli,lgrigoli58@trellian.com,Cash
190,2022-08-29,2022-03-23,Double,4,1,168.65,Augie Caccavari,acaccavari59@house.gov,Credit Card
191,2022-02-26,2022-11-03,Suite,3,1,71.15,Bret Haggata,bhaggata5a@google.de,Cash
192,2022-09-20,2022-06-24,Double,2,2,403.42,Jeromy Gouinlock,jgouinlock5b@sakura.ne.jp,Cash
193,2022-04-04,2022-06-04,Single,3,2,147.35,Cathi Fergyson,cfergyson5c@webmd.com,Cash
194,2022-05-23,2022-06-23,Suite,4,0,94.66,Adeline Wisam,awisam5d@liveinternet.ru,Credit Card
195,2022-05-18,2022-03-03,Double,4,1,290.05,Greer Christian,gchristian5e@arizona.edu,PayPal
196,2022-08-06,2022-06-16,Suite,3,2,357.98,Antonietta McDarmid,amcdarmid5f@instagram.com,PayPal
197,2022-12-02,2022-05-25,Single,2,0,254.36,Tandi Gabbitis,tgabbitis5g@adobe.com,Credit Card
198,2022-11-04,2022-09-05,Suite,1,0,307.72,Reta Roscow,rroscow5h@seattletimes.com,PayPal
199,2022-01-10,2022-11-16,Double,1,2,371.9,Euell Sissons,esissons5i@alexa.com,Cash
200,2022-09-12,2022-08-29,Double,3,1,446.66,Shell Skermer,sskermer5j@bing.com,Credit Card
201,2022-04-12,2022-03-03,Single,2,1,408.03,Allsun Blackmore,ablackmore5k@simplemachines.org,PayPal
202,2022-06-01,2022-06-26,Suite,2,1,435.2,Antone Cancellieri,acancellieri5l@usa.gov,Cash
203,2022-05-20,2022-10-06,Single,3,1,67.3,Gratia De Metz,gde5m@theguardian.com,Cash
204,2022-01-13,2022-08-17,Single,4,1,199.22,Leia Chedzoy,lchedzoy5n@pen.io,Cash
205,2022-11-28,2022-08-09,Suite,4,1,489.22,Judie Coney,jconey5o@geocities.com,Cash
206,2022-04-10,2022-02-10,Double,4,1,247.48,Jessalyn Waight,jwaight5p@house.gov,Credit Card
207,2022-09-18,2022-05-27,Double,2,0,261.85,Dev Edgworth,dedgworth5q@ucla.edu,Cash
208,2022-11-06,2022-07-12,Suite,4,2,418.26,Weidar McWilliams,wmcwilliams5r@people.com.cn,Credit Card
209,2022-11-20,2022-11-30,Suite,1,2,120.8,Morganne Edyson,medyson5s@xinhuanet.com,PayPal
210,2022-11-13,2022-05-05,Single,2,1,349.55,Jojo Kleinsmuntz,jkleinsmuntz5t@mlb.com,Credit Card
211,2022-08-05,2022-03-03,Double,2,1,186.84,Michaelina Brunroth,mbrunroth5u@symantec.com,Cash
212,2022-09-07,2022-02-03,Suite,3,0,291.66,Corabella Jefferies,cjefferies5v@google.com.br,PayPal
213,2022-06-30,2022-12-19,Single,2,1,99.07,Idaline Partington,ipartington5w@ca.gov,Cash
214,2022-04-09,2022-05-24,Single,3,2,209.65,Rusty Gherardi,rgherardi5x@wikipedia.org,PayPal
215,2022-01-05,2022-01-20,Double,2,2,156.57,Neddy Brickell,nbrickell5y@aboutads.info,Cash
216,2022-07-29,2022-10-06,Single,4,2,347.51,Gorden Fewlass,gfewlass5z@kickstarter.com,PayPal
217,2022-12-13,2022-06-24,Suite,3,0,171.57,Bevon Gilbody,bgilbody60@ning.com,Cash
218,2022-09-21,2022-10-21,Single,3,1,204.69,Stephannie Finker,sfinker61@latimes.com,Cash
219,2022-02-21,2022-05-13,Single,4,1,331.88,Eadie Badcock,ebadcock62@themeforest.net,Credit Card
220,2022-03-12,2022-08-31,Double,1,0,232.75,Wilfred Hylden,whylden63@state.tx.us,PayPal
221,2022-01-04,2022-09-03,Single,2,0,124.29,Hallsy Varren,hvarren64@joomla.org,Cash
222,2022-02-18,2022-06-16,Double,3,1,292.71,Frants Janodet,fjanodet65@webnode.com,Cash
223,2022-05-28,2022-05-04,Double,4,2,236.57,Craggy Klasen,cklasen66@amazon.co.jp,Credit Card
224,2022-09-01,2022-05-30,Double,4,0,213.7,Nevsa Nancarrow,nnancarrow67@vkontakte.ru,Credit Card
225,2022-03-21,2022-01-24,Single,3,2,427.96,Mildrid Grafton-Herbert,mgraftonherbert68@senate.gov,PayPal
226,2022-09-05,2022-03-07,Suite,2,0,255.02,Tyler Bengough,tbengough69@tiny.cc,Credit Card
227,2022-01-08,2022-04-10,Double,4,1,405.39,Merola Dulwitch,mdulwitch6a@mit.edu,Cash
228,2022-08-08,2022-12-27,Suite,4,0,80.09,Eadith Duchant,educhant6b@linkedin.com,Cash
229,2022-09-20,2022-04-03,Suite,1,1,210.33,Fairlie Colcomb,fcolcomb6c@acquirethisname.com,Cash
230,2022-08-17,2022-03-12,Suite,2,0,322.05,Dunc Hillburn,dhillburn6d@alibaba.com,PayPal
231,2022-11-11,2022-08-29,Double,1,0,474.27,Yuri O'Doherty,yodoherty6e@psu.edu,PayPal
232,2022-06-16,2022-01-29,Single,3,0,316.58,Kellen Morefield,kmorefield6f@1688.com,Cash
233,2022-02-15,2022-03-24,Double,2,1,131.38,Norri Di Filippo,ndi6g@mtv.com,PayPal
234,2022-06-22,2022-01-10,Double,3,2,490.32,Barnie Basant,bbasant6h@google.co.jp,PayPal
235,2022-11-11,2022-03-02,Single,4,0,315.94,Leda MacTeggart,lmacteggart6i@census.gov,Credit Card
236,2022-08-31,2022-09-01,Suite,3,2,459.29,Betty Rigg,brigg6j@state.gov,PayPal
237,2022-04-18,2022-02-10,Suite,2,2,192.67,Carmon Burles,cburles6k@webnode.com,PayPal
238,2022-01-01,2022-01-27,Double,1,0,262.48,Petronella Blanc,pblanc6l@comsenz.com,Cash
239,2022-07-11,2022-05-31,Double,2,1,257.77,Reece Illiston,rilliston6m@ucoz.ru,Cash
240,2022-07-18,2022-01-23,Single,4,0,352.01,Pegeen Frowing,pfrowing6n@marriott.com,Credit Card
241,2022-01-19,2022-12-23,Suite,2,2,348.76,Derry Presidey,dpresidey6o@phoca.cz,Credit Card
242,2022-05-26,2022-09-05,Single,1,2,331.98,Lea Ciobutaro,lciobutaro6p@java.com,PayPal
243,2022-03-08,2022-06-19,Double,3,2,424.65,Zorina Tilbrook,ztilbrook6q@state.tx.us,Credit Card
244,2022-11-18,2022-04-16,Single,4,0,367.19,Rolf Pitts,rpitts6r@si.edu,Cash
245,2022-03-08,2022-10-21,Suite,2,1,342.55,Alon Khoter,akhoter6s@ed.gov,Cash
246,2022-11-11,2022-10-04,Single,2,1,317.1,Cleon Jaime,cjaime6t@mapy.cz,Cash
247,2022-06-28,2022-04-29,Double,3,0,182.32,Doreen Brisley,dbrisley6u@ox.ac.uk,Cash
248,2022-08-30,2022-06-30,Double,3,0,85.97,Abagael Rapley,arapley6v@hud.gov,Credit Card
249,2022-03-07,2022-05-19,Double,1,2,445.6,Bev Plan,bplan6w@goo.gl,Cash
250,2022-05-16,2022-08-19,Suite,3,0,59.37,Karalee Bidnall,kbidnall6x@phpbb.com,Cash
251,2022-10-08,2022-10-17,Suite,1,0,476.05,Celestia Veljes,cveljes6y@gmpg.org,Credit Card
252,2022-02-19,2022-11-28,Suite,1,1,426.58,Grant Wombwell,gwombwell6z@sina.com.cn,PayPal
253,2022-09-29,2022-01-23,Single,3,2,54.71,Nannie Eeles,neeles70@mapy.cz,Cash
254,2022-10-07,2022-01-13,Suite,1,2,376.63,Carleton Litherborough,clitherborough71@msu.edu,PayPal
255,2022-11-10,2022-05-25,Single,1,2,244.28,Cicely Morpeth,cmorpeth72@list-manage.com,Credit Card
256,2022-08-26,2022-08-21,Suite,1,2,346.72,Alex Sybry,asybry73@booking.com,Credit Card
257,2022-03-11,2022-12-04,Single,4,2,379.89,Fitzgerald Pollington,fpollington74@parallels.com,Credit Card
258,2022-04-20,2022-06-18,Double,3,0,396.36,Leon Ghilks,lghilks75@odnoklassniki.ru,PayPal
259,2022-08-18,2022-05-31,Double,2,2,234.6,Marlon Blabie,mblabie76@youtu.be,Credit Card
260,2022-01-29,2022-03-14,Single,3,1,464.83,Oralla Laborda,olaborda77@marketwatch.com,Cash
261,2022-08-20,2022-02-08,Single,1,2,242.79,Titus Riddick,triddick78@paginegialle.it,Credit Card
262,2022-08-15,2022-07-01,Suite,4,2,480.88,Petra Do Rosario,pdo79@opera.com,PayPal
263,2022-07-30,2022-12-11,Double,4,1,467.53,Colleen Heinert,cheinert7a@bloglines.com,Cash
264,2022-05-29,2022-09-16,Double,3,0,306.84,Germain Imlen,gimlen7b@wix.com,PayPal
265,2022-03-05,2022-09-04,Single,4,0,119.25,Markus Penman,mpenman7c@cdc.gov,PayPal
266,2022-04-26,2022-09-13,Suite,2,0,272.7,Claudelle McEneny,cmceneny7d@instagram.com,Cash
267,2022-12-20,2022-04-20,Double,4,1,385.45,Woodie Eckly,weckly7e@smugmug.com,PayPal
268,2022-11-09,2022-04-02,Single,1,0,484.04,Sayers Cosgrave,scosgrave7f@sina.com.cn,PayPal
269,2022-08-08,2022-03-05,Suite,2,1,490.23,Catha Ahrend,cahrend7g@bbb.org,Credit Card
270,2022-03-28,2022-08-18,Single,4,1,284.76,Jamaal Louis,jlouis7h@scientificamerican.com,PayPal
271,2022-01-01,2022-12-30,Single,1,2,84.02,Kikelia Di Gregorio,kdi7i@tmall.com,Cash
272,2022-07-22,2022-01-18,Single,4,1,348.12,Caresse Derisley,cderisley7j@artisteer.com,Credit Card
273,2022-01-01,2022-10-26,Single,4,1,238.66,Husein Hysom,hhysom7k@miitbeian.gov.cn,PayPal
274,2022-06-02,2022-07-09,Single,1,1,488.14,Eugenius Aiskovitch,eaiskovitch7l@php.net,Credit Card
275,2022-10-17,2022-07-02,Single,2,2,100.84,Winne Vedenyakin,wvedenyakin7m@squidoo.com,Cash
276,2022-11-20,2022-05-06,Single,1,2,332.79,Ag Trenbay,atrenbay7n@angelfire.com,Cash
277,2022-05-13,2022-06-28,Suite,2,1,197.81,Tedd Nern,tnern7o@naver.com,Credit Card
278,2022-10-05,2022-05-05,Double,1,1,393.38,Sigmund Cragell,scragell7p@yellowpages.com,PayPal
279,2022-10-02,2022-07-19,Suite,1,0,356.35,Chase Drynan,cdrynan7q@oaic.gov.au,PayPal
280,2022-05-13,2022-01-26,Single,2,0,434.43,Tamiko Dearness,tdearness7r@washingtonpost.com,Credit Card
281,2022-12-21,2022-03-22,Double,1,2,393.15,Mozes Wallas,mwallas7s@trellian.com,Cash
282,2022-03-12,2022-03-01,Suite,4,1,281.97,Bennett Finley,bfinley7t@altervista.org,PayPal
283,2022-10-12,2022-11-30,Double,4,2,259.71,Sondra Search,ssearch7u@ustream.tv,PayPal
284,2022-11-03,2022-12-02,Suite,3,2,346.4,Penelope Nestle,pnestle7v@flavors.me,Cash
285,2022-06-21,2022-04-05,Double,4,2,110.88,Romonda Brandom,rbrandom7w@techcrunch.com,Cash
286,2022-12-18,2022-03-16,Suite,2,2,162.67,Monte Trimming,mtrimming7x@who.int,Cash
287,2022-01-05,2022-12-24,Suite,2,0,191.15,Damita Delacroux,ddelacroux7y@indiegogo.com,PayPal
288,2022-01-07,2022-01-18,Single,1,2,188.75,Mathilde Hassett,mhassett7z@hud.gov,PayPal
289,2022-11-01,2022-06-28,Suite,3,0,237.68,Mace Chiddy,mchiddy80@hud.gov,PayPal
290,2022-02-18,2022-01-11,Single,2,1,495.21,Ruth Maxstead,rmaxstead81@biblegateway.com,PayPal
291,2022-04-28,2022-05-02,Suite,4,2,135.55,Cherlyn Linthead,clinthead82@cbslocal.com,Cash
292,2022-11-28,2022-08-05,Single,4,1,416.77,Lucho Gowen,lgowen83@state.gov,PayPal
293,2022-06-23,2022-09-21,Suite,3,0,442.93,Nicky Cameron,ncameron84@biblegateway.com,PayPal
294,2022-03-26,2022-11-01,Double,4,0,94.74,Myrlene Beekman,mbeekman85@xrea.com,Credit Card
295,2022-07-06,2022-06-17,Suite,2,1,464.26,Annamarie Rawood,arawood86@cafepress.com,Cash
296,2022-08-30,2022-11-14,Suite,4,2,385.13,Charissa Whithalgh,cwhithalgh87@goodreads.com,Cash
297,2022-12-24,2022-11-02,Single,4,0,490.21,Carmella Chiverstone,cchiverstone88@nsw.gov.au,Cash
298,2022-07-24,2022-01-12,Single,1,1,80.94,Becky Sainz,bsainz89@about.com,Credit Card
299,2022-06-09,2022-10-31,Single,2,0,434.38,Murielle O'Hdirscoll,mohdirscoll8a@histats.com,Cash
300,2022-10-11,2022-09-29,Single,3,1,359.02,Viva Danilyuk,vdanilyuk8b@cnbc.com,PayPal
301,2022-02-14,2022-09-07,Single,3,2,347.93,Felice Millson,fmillson8c@ning.com,Credit Card
302,2022-01-03,2022-02-24,Suite,4,2,105.05,Katya Stiegars,kstiegars8d@wiley.com,PayPal
303,2022-03-14,2022-07-06,Double,1,2,78.67,Meir Benoy,mbenoy8e@baidu.com,Cash
304,2022-02-16,2022-08-09,Single,2,2,110.58,Dilan Castiello,dcastiello8f@nhs.uk,Cash
305,2022-10-14,2022-03-25,Double,1,1,349.29,Karol Beckhouse,kbeckhouse8g@amazon.com,PayPal
306,2022-06-20,2022-11-01,Suite,3,0,87.16,Bealle Dubery,bdubery8h@hatena.ne.jp,PayPal
307,2022-05-15,2022-10-01,Double,1,1,90.44,Monah Ruseworth,mruseworth8i@cbsnews.com,Cash
308,2022-02-09,2022-06-01,Single,2,0,279.09,Knox Crux,kcrux8j@youtu.be,Cash
309,2022-06-10,2022-08-02,Suite,1,0,230.71,Danna Flucker,dflucker8k@spotify.com,Cash
310,2022-02-17,2022-04-06,Double,3,2,233.91,Kaiser Feldberg,kfeldberg8l@dot.gov,Cash
311,2022-03-09,2022-11-12,Single,4,1,346.68,Xerxes Askam,xaskam8m@mlb.com,Credit Card
312,2022-09-21,2022-08-30,Double,2,0,134.75,Brynna Espadero,bespadero8n@discovery.com,PayPal
313,2022-08-09,2022-03-24,Single,1,2,485.34,Gilberto Nolin,gnolin8o@eepurl.com,PayPal
314,2022-06-19,2022-12-23,Single,1,1,439.21,Glen Arnoldi,garnoldi8p@walmart.com,Cash
315,2022-07-25,2022-05-01,Single,2,2,94.7,Hyacinthe Gribbon,hgribbon8q@ucoz.com,PayPal
316,2022-02-18,2022-12-26,Double,2,0,155.19,Mariellen Vannar,mvannar8r@pen.io,PayPal
317,2022-12-16,2022-09-28,Suite,3,2,190.11,Eddi Jacke,ejacke8s@weather.com,Cash
318,2022-01-03,2022-01-11,Single,4,2,360.09,Karna Rowell,krowell8t@elpais.com,Cash
319,2022-03-05,2022-07-15,Suite,4,0,268.73,Barry Leer,bleer8u@uol.com.br,Credit Card
320,2022-08-19,2022-06-16,Suite,3,1,85.07,Hoebart Scotchbourouge,hscotchbourouge8v@barnesandnoble.com,PayPal
321,2022-07-21,2022-04-21,Double,3,2,283.2,Conney Haverson,chaverson8w@google.co.uk,Cash
322,2022-02-25,2022-02-05,Suite,1,1,490.57,Ricca Rhucroft,rrhucroft8x@geocities.com,Credit Card
323,2022-08-03,2022-07-17,Double,2,2,81.67,Selene Housen,shousen8y@tmall.com,PayPal
324,2022-04-22,2022-03-13,Single,3,0,214.79,Ricki Le Sieur,rle8z@geocities.com,PayPal
325,2022-03-01,2022-05-29,Single,1,2,401.92,Bastien Hartop,bhartop90@godaddy.com,Cash
326,2022-06-17,2022-01-01,Suite,2,1,382.5,Pegeen Lutton,plutton91@google.nl,PayPal
327,2022-01-31,2022-02-14,Suite,2,1,137.11,Stefania Norbury,snorbury92@boston.com,Cash
328,2022-01-11,2022-07-17,Single,4,2,165.26,Myrle Bloschke,mbloschke93@businesswire.com,Cash
329,2022-04-10,2022-11-18,Suite,4,1,84.32,Pearle Heartfield,pheartfield94@google.cn,Credit Card
330,2022-08-20,2022-03-30,Suite,4,2,159.18,Dorisa Bothen,dbothen95@dailymotion.com,Cash
331,2022-07-01,2022-10-28,Single,4,1,382.25,Neysa Lopez,nlopez96@yolasite.com,Credit Card
332,2022-07-24,2022-04-05,Double,4,0,211.93,Morissa Banasiak,mbanasiak97@gmpg.org,Credit Card
333,2022-12-18,2022-02-01,Single,2,1,391.31,Brunhilde Knowlson,bknowlson98@guardian.co.uk,Cash
334,2022-05-28,2022-02-08,Double,4,0,457.98,Barbara Northage,bnorthage99@mit.edu,PayPal
335,2022-11-07,2022-12-21,Single,2,0,228.08,Geri Portam,gportam9a@prweb.com,Credit Card
336,2022-06-01,2022-05-01,Single,3,0,81.72,Bendite Gilhool,bgilhool9b@jigsy.com,PayPal
337,2022-09-03,2022-02-19,Single,1,0,429.2,Cobb Ricciardo,cricciardo9c@parallels.com,Credit Card
338,2022-05-12,2022-01-02,Single,3,1,399.95,Baron Asey,basey9d@sitemeter.com,Credit Card
339,2022-04-01,2022-06-26,Double,2,1,222.0,Costanza Hazelby,chazelby9e@godaddy.com,Credit Card
340,2022-07-27,2022-05-18,Suite,3,2,311.14,Byram Gritland,bgritland9f@meetup.com,Cash
341,2022-10-31,2022-04-02,Single,4,0,351.71,Kippie MacCambridge,kmaccambridge9g@hugedomains.com,Cash
342,2022-03-15,2022-05-30,Suite,2,1,357.25,Joelle Scoggans,jscoggans9h@nationalgeographic.com,PayPal
343,2022-06-15,2022-11-25,Single,2,0,204.01,Torrance Wooder,twooder9i@weather.com,Cash
344,2022-04-03,2022-12-13,Double,1,0,368.62,Nikos Riggs,nriggs9j@usgs.gov,Cash
345,2022-06-08,2022-03-03,Suite,3,1,172.48,Heywood Edgeon,hedgeon9k@unesco.org,PayPal
346,2022-11-13,2022-11-15,Double,2,0,183.14,Adda Gitthouse,agitthouse9l@webmd.com,PayPal
347,2022-01-05,2022-07-21,Suite,2,1,383.15,Lesly Maudson,lmaudson9m@netlog.com,Cash
348,2022-12-07,2022-08-06,Double,4,0,120.13,Marylin Gantlett,mgantlett9n@mtv.com,Cash
349,2022-04-03,2022-08-24,Single,2,2,498.01,Woodman Taylorson,wtaylorson9o@addtoany.com,Credit Card
350,2022-02-13,2022-09-19,Single,1,0,300.2,Saxe Fairholme,sfairholme9p@naver.com,Credit Card
351,2022-11-01,2022-06-21,Double,2,1,233.51,Benson Sulter,bsulter9q@pen.io,Cash
352,2022-05-01,2022-03-09,Double,4,1,353.01,Catherin Linguard,clinguard9r@twitter.com,Cash
353,2022-01-26,2022-03-10,Suite,3,2,175.66,Wolfgang Excell,wexcell9s@eventbrite.com,Cash
354,2022-11-25,2022-05-14,Suite,2,2,296.77,Frasier Shiels,fshiels9t@opensource.org,PayPal
355,2022-11-30,2022-08-17,Double,4,1,212.71,Stewart Aisbett,saisbett9u@webmd.com,PayPal
356,2022-10-07,2022-04-24,Single,3,0,357.58,Demetris D'Alwis,ddalwis9v@goo.gl,Credit Card
357,2022-12-04,2022-04-10,Double,3,0,190.34,Marti Skermer,mskermer9w@yolasite.com,Credit Card
358,2022-06-09,2022-01-04,Suite,3,2,304.74,Sallyann Brimilcombe,sbrimilcombe9x@wiley.com,PayPal
359,2022-11-14,2022-10-05,Double,3,1,157.04,Ruthe Stanway,rstanway9y@deliciousdays.com,Cash
360,2022-07-19,2022-05-11,Single,1,0,128.56,Darn Westoll,dwestoll9z@theglobeandmail.com,Credit Card
361,2022-11-22,2022-12-10,Double,4,1,284.4,Karalynn Bidwell,kbidwella0@census.gov,PayPal
362,2022-11-16,2022-06-27,Suite,3,1,254.08,Austina Bickley,abickleya1@ebay.com,Credit Card
363,2022-08-21,2022-07-17,Single,4,2,347.56,Shanda Angus,sangusa2@a8.net,Cash
364,2022-03-13,2022-09-23,Single,4,0,422.12,Clemente Relton,creltona3@163.com,Credit Card
365,2022-09-19,2022-03-20,Double,2,0,66.14,Marlowe Binge,mbingea4@mozilla.org,Credit Card
366,2022-11-16,2022-01-30,Double,4,0,323.36,Denis MacSorley,dmacsorleya5@hexun.com,Credit Card
367,2022-01-18,2022-11-15,Single,4,1,291.0,Hughie Castletine,hcastletinea6@latimes.com,PayPal
368,2022-05-14,2022-02-17,Double,4,1,474.61,Enos Dain,edaina7@friendfeed.com,Cash
369,2022-07-02,2022-01-25,Suite,1,0,371.36,Marmaduke Leebeter,mleebetera8@vk.com,Cash
370,2022-07-29,2022-12-25,Double,2,0,373.0,William Downse,wdownsea9@independent.co.uk,Cash
371,2022-01-11,2022-07-18,Single,1,2,202.36,Edi Morphey,emorpheyaa@apache.org,Cash
372,2022-03-17,2022-10-10,Double,4,2,494.42,Yancey McShirie,ymcshirieab@xing.com,PayPal
373,2022-01-04,2022-06-24,Double,3,1,161.85,Elfreda Frickey,efrickeyac@example.com,Cash
374,2022-01-11,2022-01-29,Suite,3,0,309.48,Breena Emney,bemneyad@irs.gov,Credit Card
375,2022-07-16,2022-01-26,Single,1,1,367.72,Marni Stubbert,mstubbertae@gov.uk,Credit Card
376,2022-07-14,2022-12-25,Double,1,0,252.66,Leland Tebbs,ltebbsaf@bbc.co.uk,Cash
377,2022-08-30,2022-02-04,Double,3,2,130.04,Consolata Elphick,celphickag@google.ru,PayPal
378,2022-04-08,2022-01-04,Suite,2,2,274.22,Vachel Moss,vmossah@cdc.gov,Credit Card
379,2022-08-04,2022-05-09,Suite,2,1,469.91,Pippo Kullmann,pkullmannai@trellian.com,Cash
380,2022-07-14,2022-09-03,Double,1,0,88.21,Phyllys Di Biaggi,pdiaj@istockphoto.com,Credit Card
381,2022-12-06,2022-01-16,Suite,3,1,113.09,Miguel Weddell,mweddellak@mediafire.com,Credit Card
382,2022-11-12,2022-05-09,Suite,1,0,405.35,Marthe Gianasi,mgianasial@tmall.com,Credit Card
383,2022-07-19,2022-04-10,Single,3,0,287.01,Dewitt De Beauchamp,ddeam@admin.ch,Credit Card
384,2022-09-19,2022-08-24,Suite,4,1,489.61,Teodor Normand,tnormandan@unesco.org,Credit Card
385,2022-07-04,2022-10-19,Suite,3,2,170.9,Harley Windybank,hwindybankao@dmoz.org,Credit Card
386,2022-08-06,2022-05-31,Double,3,1,375.82,Carlo Fouch,cfouchap@dedecms.com,Credit Card
387,2022-01-07,2022-12-04,Suite,1,1,224.29,Freddi Bream,fbreamaq@cam.ac.uk,Cash
388,2022-02-15,2022-02-28,Suite,1,1,387.83,Brodie Hounsom,bhounsomar@histats.com,Cash
389,2022-06-22,2022-06-26,Single,2,0,281.0,Diannne Cowen,dcowenas@earthlink.net,Credit Card
390,2022-03-12,2022-11-22,Double,4,1,284.71,Katusha Baumler,kbaumlerat@webmd.com,Cash
391,2022-06-28,2022-06-25,Suite,4,1,369.51,Corby Nockalls,cnockallsau@omniture.com,PayPal
392,2022-01-18,2022-02-03,Suite,4,2,404.33,Mufinella Pollastrino,mpollastrinoav@aol.com,Cash
393,2022-03-16,2022-12-17,Single,2,0,332.24,Rriocard Seabrooke,rseabrookeaw@freewebs.com,Cash
394,2022-06-13,2022-01-21,Single,3,2,369.91,Gaspar Cansdill,gcansdillax@usa.gov,PayPal
395,2022-07-11,2022-06-06,Double,1,1,494.29,Bidget Dearden,bdeardenay@digg.com,PayPal
396,2022-08-07,2022-01-24,Suite,4,0,184.71,Michele Lill,mlillaz@symantec.com,PayPal
397,2022-01-21,2022-03-02,Suite,4,0,241.88,Valerye Wiley,vwileyb0@addtoany.com,Credit Card
398,2022-03-28,2022-05-02,Single,2,0,143.62,Jenna Toomey,jtoomeyb1@webeden.co.uk,PayPal
399,2022-02-07,2022-02-26,Double,2,1,222.3,Oralla Dreus,odreusb2@studiopress.com,Cash
400,2022-09-06,2022-04-28,Single,1,1,56.38,Arlena Trangmar,atrangmarb3@clickbank.net,Cash
401,2022-02-12,2022-09-29,Double,4,1,222.41,Nonnah Bradnam,nbradnamb4@theglobeandmail.com,Cash
402,2022-08-26,2022-06-21,Suite,3,1,142.9,Neysa Ritmeier,nritmeierb5@ustream.tv,PayPal
403,2022-01-28,2022-04-03,Single,1,1,54.12,Aristotle Shaxby,ashaxbyb6@wikimedia.org,Credit Card
404,2022-01-09,2022-11-08,Double,2,0,433.02,Benita Silverston,bsilverstonb7@spiegel.de,Cash
405,2022-01-06,2022-04-23,Double,1,1,238.07,Lorianne Sulley,lsulleyb8@topsy.com,PayPal
406,2022-08-21,2022-01-10,Suite,1,1,423.19,Effie Frontczak,efrontczakb9@webmd.com,PayPal
407,2022-06-15,2022-07-10,Double,3,2,228.22,Isidore Muscott,imuscottba@businesswire.com,Cash
408,2022-08-03,2022-08-25,Single,3,2,463.18,Felice Dellatorre,fdellatorrebb@accuweather.com,Cash
409,2022-06-07,2022-03-10,Double,1,1,222.73,Sharon Golling,sgollingbc@cisco.com,Credit Card
410,2022-06-04,2022-03-12,Double,3,0,181.27,Celle Parmiter,cparmiterbd@examiner.com,Cash
411,2022-12-12,2022-07-26,Suite,4,2,148.41,Reamonn Billett,rbillettbe@ucla.edu,PayPal
412,2022-01-12,2022-02-17,Single,2,2,492.05,Aidan Fernao,afernaobf@examiner.com,PayPal
413,2022-08-28,2022-02-09,Single,3,0,455.58,Iseabal Briskey,ibriskeybg@t-online.de,Credit Card
414,2022-08-19,2022-01-13,Single,4,1,265.08,Arabele Cicutto,acicuttobh@vistaprint.com,PayPal
415,2022-05-09,2022-08-17,Suite,1,1,193.37,Ilyssa L'oiseau,iloiseaubi@macromedia.com,Cash
416,2022-05-27,2022-05-24,Suite,4,0,288.56,Juanita Linde,jlindebj@amazon.com,PayPal
417,2022-08-02,2022-05-01,Double,1,1,203.94,Katherine Opdenorth,kopdenorthbk@washington.edu,Cash
418,2022-10-22,2022-09-27,Single,3,2,295.0,Perl Joreau,pjoreaubl@dailymail.co.uk,PayPal
419,2022-11-30,2022-08-04,Single,4,1,224.76,Judy Tuttiett,jtuttiettbm@slideshare.net,Cash
420,2022-11-19,2022-01-23,Single,4,0,276.01,Alejandro Tyre,atyrebn@is.gd,PayPal
421,2022-07-14,2022-12-04,Double,4,1,310.92,Betta Costanza,bcostanzabo@shutterfly.com,Cash
422,2022-02-15,2022-10-07,Suite,2,0,319.24,Westbrooke Burke,wburkebp@gizmodo.com,PayPal
423,2022-05-21,2022-01-13,Suite,4,1,343.15,Carmine Snaden,csnadenbq@ocn.ne.jp,PayPal
424,2022-11-19,2022-06-24,Suite,4,0,73.86,Flori Rizzini,frizzinibr@mac.com,Credit Card
425,2022-01-23,2022-06-09,Suite,3,2,199.95,Rosemary Stollman,rstollmanbs@vistaprint.com,Cash
426,2022-10-27,2022-10-02,Suite,3,1,208.1,Adamo Artharg,aarthargbt@usgs.gov,PayPal
427,2022-05-01,2022-08-01,Suite,4,2,171.9,Mada Davinet,mdavinetbu@devhub.com,PayPal
428,2022-07-03,2022-09-18,Single,2,1,159.39,Edyth Possel,eposselbv@columbia.edu,PayPal
429,2022-07-17,2022-04-29,Suite,1,0,486.6,Myrtie Giffaut,mgiffautbw@msu.edu,Cash
430,2022-05-12,2022-07-24,Suite,1,1,462.4,Nero Drable,ndrablebx@nationalgeographic.com,Cash
431,2022-09-30,2022-08-25,Double,1,2,463.05,Rustin Orys,rorysby@github.com,Cash
432,2022-03-10,2022-09-11,Single,1,2,118.43,Forester Maurice,fmauricebz@webmd.com,Credit Card
433,2022-06-21,2022-03-28,Suite,4,1,159.31,Launce Antonov,lantonovc0@dailymotion.com,Cash
434,2022-01-25,2022-07-21,Suite,2,0,121.2,Devondra Yvens,dyvensc1@go.com,Credit Card
435,2022-01-31,2022-09-04,Single,3,2,152.04,Flo Kneale,fknealec2@phpbb.com,Cash
436,2022-10-07,2022-10-19,Suite,2,0,155.94,Wilow Raynton,wrayntonc3@bloglovin.com,Cash
437,2022-10-23,2022-07-22,Double,1,2,284.9,Lilli Guerin,lguerinc4@cam.ac.uk,PayPal
438,2022-04-12,2022-03-09,Suite,3,0,452.42,Dolley Bentsen,dbentsenc5@squarespace.com,Credit Card
439,2022-03-02,2022-04-21,Suite,3,0,162.88,Clarence Kearns,ckearnsc6@mashable.com,Cash
440,2022-03-10,2022-03-30,Double,2,1,266.31,Zarah Vogeler,zvogelerc7@geocities.jp,PayPal
441,2022-09-01,2022-09-22,Suite,2,1,267.52,Dorie Kinnie,dkinniec8@mediafire.com,Credit Card
442,2022-05-08,2022-12-17,Double,1,2,491.01,Yorke Klishin,yklishinc9@auda.org.au,Cash
443,2022-08-07,2022-07-14,Single,4,1,400.59,Morganica Pettipher,mpettipherca@topsy.com,Credit Card
444,2022-11-08,2022-08-13,Double,3,1,173.42,Marcille Van der Hoeven,mvancb@cnbc.com,Credit Card
445,2022-05-26,2022-10-29,Single,1,2,91.61,Cornell Strudwick,cstrudwickcc@twitpic.com,PayPal
446,2022-12-12,2022-08-21,Suite,1,2,496.94,Krishnah Pettett,kpettettcd@slideshare.net,PayPal
447,2022-01-12,2022-06-21,Double,3,1,412.26,Ogdan Dorro,odorroce@pbs.org,Cash
448,2022-06-19,2022-03-22,Suite,3,0,399.44,Leisha Robus,lrobuscf@mysql.com,Cash
449,2022-08-01,2022-12-04,Double,4,0,227.07,Jilleen Demann,jdemanncg@vk.com,Cash
450,2022-05-16,2022-04-20,Double,2,1,335.84,Dorry Dabnot,ddabnotch@ow.ly,Cash
451,2022-11-04,2022-11-26,Suite,2,2,312.81,Caron Feaviour,cfeaviourci@comcast.net,PayPal
452,2022-07-13,2022-02-13,Single,1,1,286.41,Gage Bellini,gbellinicj@sun.com,PayPal
453,2022-03-03,2022-09-14,Suite,1,2,227.34,Walliw Sherwen,wsherwenck@newyorker.com,PayPal
454,2022-03-07,2022-07-25,Double,4,2,201.25,Loralee Moule,lmoulecl@uiuc.edu,PayPal
455,2022-10-24,2022-10-23,Suite,4,1,123.76,Anne-marie Jager,ajagercm@diigo.com,Cash
456,2022-10-02,2022-04-02,Suite,4,2,270.13,Yance Stair,ystaircn@patch.com,Cash
457,2022-07-08,2022-04-20,Single,2,2,314.55,Beverlie Gwilliam,bgwilliamco@cbslocal.com,PayPal
458,2022-07-10,2022-05-25,Single,3,0,258.45,Ethelind Corsor,ecorsorcp@altervista.org,PayPal
459,2022-11-14,2022-02-02,Single,1,2,448.05,Helyn Mughal,hmughalcq@delicious.com,PayPal
460,2022-06-20,2022-03-15,Suite,4,0,322.65,Maia Banker,mbankercr@google.pl,PayPal
461,2022-12-14,2022-08-02,Single,1,2,494.83,Fey Woodthorpe,fwoodthorpecs@cloudflare.com,Cash
462,2022-06-02,2022-02-11,Suite,2,2,429.14,Benjamin Edelmann,bedelmannct@ihg.com,PayPal
463,2022-02-05,2022-10-25,Single,2,1,336.65,Alix July,ajulycu@walmart.com,Cash
464,2022-04-24,2022-11-02,Suite,1,0,317.13,Ursulina Tabard,utabardcv@nps.gov,PayPal
465,2022-10-04,2022-05-15,Suite,2,0,326.32,Christy MacPeake,cmacpeakecw@wikispaces.com,PayPal
466,2022-11-10,2022-07-16,Suite,2,2,203.02,Anett Blaase,ablaasecx@narod.ru,Credit Card
467,2022-07-01,2022-04-25,Double,2,1,139.07,Herta Umbers,humberscy@linkedin.com,Cash
468,2022-08-15,2022-06-29,Double,4,1,376.25,Wallache Boddymead,wboddymeadcz@ed.gov,PayPal
469,2022-10-09,2022-04-02,Suite,1,1,94.41,Halette Thomelin,hthomelind0@taobao.com,PayPal
470,2022-08-09,2022-01-02,Single,4,2,362.56,Jud Edwick,jedwickd1@wix.com,Credit Card
471,2022-08-06,2022-01-21,Single,1,2,252.99,Margarethe McCroary,mmccroaryd2@zimbio.com,Credit Card
472,2022-09-03,2022-04-17,Single,1,2,409.66,Ricky Roast,rroastd3@nsw.gov.au,Credit Card
473,2022-05-12,2022-05-10,Suite,4,0,247.84,Shandy Faulconbridge,sfaulconbridged4@webs.com,Credit Card
474,2022-04-23,2022-06-14,Suite,1,2,444.28,Rosemary Mayoh,rmayohd5@github.io,Cash
475,2022-01-02,2022-05-02,Suite,1,0,260.72,Barbaraanne Richold,bricholdd6@reuters.com,Credit Card
476,2022-01-09,2022-02-16,Suite,2,0,356.47,Merrick Coddrington,mcoddringtond7@icio.us,Credit Card
477,2022-10-02,2022-07-15,Double,4,1,307.96,Emilio Harses,eharsesd8@wordpress.com,PayPal
478,2022-03-16,2022-06-22,Single,3,1,195.64,Sal Hunte,shunted9@uol.com.br,PayPal
479,2022-11-24,2022-04-26,Single,2,2,219.08,Wenonah Virgoe,wvirgoeda@msu.edu,PayPal
480,2022-03-15,2022-09-05,Double,1,0,391.59,Barty Antczak,bantczakdb@newyorker.com,Credit Card
481,2022-12-30,2022-09-25,Suite,1,0,353.01,Ivonne Cain,icaindc@ihg.com,PayPal
482,2022-07-18,2022-07-29,Single,1,0,275.43,Hymie Roberts,hrobertsdd@usnews.com,Credit Card
483,2022-06-11,2022-03-14,Single,2,0,491.54,Heywood Hindsberg,hhindsbergde@techcrunch.com,PayPal
484,2022-03-20,2022-04-18,Suite,4,1,396.77,Stearn Liddington,sliddingtondf@hud.gov,PayPal
485,2022-10-08,2022-05-09,Suite,2,2,426.24,Carlee Toretta,ctorettadg@umich.edu,Cash
486,2022-11-11,2022-05-07,Double,3,0,416.21,Darius Eyeington,deyeingtondh@discovery.com,PayPal
487,2022-07-18,2022-09-04,Suite,3,0,342.94,Minne Dougher,mdougherdi@washingtonpost.com,Credit Card
488,2022-02-24,2022-02-24,Single,2,0,142.01,Sigrid Arnke,sarnkedj@yellowpages.com,PayPal
489,2022-03-31,2022-09-23,Suite,1,1,443.32,Cindee Pearcey,cpearceydk@i2i.jp,Cash
490,2022-08-06,2022-10-10,Single,1,0,192.73,Chaunce Grissett,cgrissettdl@comsenz.com,Cash
491,2022-10-11,2022-08-11,Single,2,0,299.69,Thekla Skittles,tskittlesdm@shop-pro.jp,Credit Card
492,2022-07-14,2022-12-16,Suite,2,2,128.07,Gwen Jovanovic,gjovanovicdn@shop-pro.jp,Credit Card
493,2022-06-18,2022-12-16,Single,2,0,215.84,Buck Kubica,bkubicado@multiply.com,PayPal
494,2022-05-15,2022-07-07,Suite,4,1,413.26,Pasquale Louw,plouwdp@abc.net.au,PayPal
495,2022-06-29,2022-06-19,Single,2,1,345.41,Isidore Fuentez,ifuentezdq@elegantthemes.com,Credit Card
496,2022-05-01,2022-12-27,Single,3,0,187.12,Carl McMychem,cmcmychemdr@xing.com,Credit Card
497,2022-07-10,2022-05-08,Single,2,0,336.66,Monique Ausello,mausellods@ovh.net,PayPal
498,2022-06-18,2022-05-01,Double,2,1,149.01,Lois Base,lbasedt@si.edu,PayPal
499,2022-07-05,2022-06-23,Single,2,2,65.06,Amabelle Spreag,aspreagdu@cyberchimps.com,Credit Card
500,2022-06-25,2022-08-28,Suite,1,0,255.84,Claiborne Cotterill,ccotterilldv@sohu.com,PayPal
501,2022-09-10,2022-09-08,Single,4,0,398.92,Cross Kach,ckachdw@ibm.com,Cash
502,2022-09-26,2022-05-28,Single,1,1,344.44,Pippy Bront,pbrontdx@bravesites.com,Credit Card
503,2022-06-11,2022-06-20,Single,3,1,114.16,Carena Downer,cdownerdy@com.com,PayPal
504,2022-08-02,2022-01-21,Suite,1,0,369.06,Tracie Arnaudin,tarnaudindz@nba.com,PayPal
505,2022-02-14,2022-11-20,Suite,3,2,255.68,Frederique Cherrett,fcherrette0@yandex.ru,Cash
506,2022-04-30,2022-04-10,Suite,4,1,249.11,Caryl MacFarlane,cmacfarlanee1@archive.org,Cash
507,2022-07-03,2022-05-07,Single,1,2,346.64,Christian Kenn,ckenne2@tripadvisor.com,PayPal
508,2022-10-06,2022-07-31,Double,3,1,126.09,Birgit Devonshire,bdevonshiree3@pen.io,Credit Card
509,2022-05-07,2022-12-20,Double,2,2,382.29,Sid Bingle,sbinglee4@so-net.ne.jp,Cash
510,2022-04-08,2022-10-26,Double,2,1,436.36,Kennedy Lewing,klewinge5@xing.com,Cash
511,2022-06-11,2022-05-27,Suite,4,2,167.33,Bevon Braisby,bbraisbye6@alexa.com,PayPal
512,2022-03-19,2022-12-02,Suite,2,2,176.02,Mychal Demange,mdemangee7@360.cn,PayPal
513,2022-03-28,2022-05-18,Single,1,0,165.27,Thatch Wait,twaite8@clickbank.net,Credit Card
514,2022-09-17,2022-10-02,Suite,1,2,232.35,Parnell Slogrove,pslogrovee9@spotify.com,PayPal
515,2022-09-16,2022-04-29,Suite,2,2,267.26,Giacomo Spellar,gspellarea@phpbb.com,Credit Card
516,2022-04-20,2022-12-23,Double,4,2,64.91,Godwin Thrift,gthrifteb@histats.com,PayPal
517,2022-05-21,2022-04-18,Double,2,0,200.09,Loella Gittoes,lgittoesec@dmoz.org,PayPal
518,2022-02-25,2022-05-10,Double,1,1,368.41,Onofredo Fomichyov,ofomichyoved@dedecms.com,Cash
519,2022-11-12,2022-03-05,Double,3,1,189.73,Christi Jentle,cjentleee@studiopress.com,PayPal
520,2022-06-18,2022-11-10,Single,1,2,71.89,Humbert Boichat,hboichatef@bloomberg.com,Credit Card
521,2022-02-24,2022-04-06,Double,1,0,399.32,Rriocard Commins,rcomminseg@sakura.ne.jp,PayPal
522,2022-03-15,2022-05-25,Suite,4,2,443.3,Field Gregoriou,fgregorioueh@blogger.com,PayPal
523,2022-10-06,2022-06-19,Double,4,0,83.8,Dina Rossbrook,drossbrookei@arizona.edu,Cash
524,2022-08-14,2022-06-09,Single,2,1,279.53,Shelden Flowerdew,sflowerdewej@infoseek.co.jp,Cash
525,2022-11-20,2022-09-01,Single,1,2,424.15,Issy Eakeley,ieakeleyek@discovery.com,Credit Card
526,2022-02-01,2022-04-03,Single,4,1,360.91,Lothario Perfili,lperfiliel@ustream.tv,PayPal
527,2022-02-04,2022-10-03,Double,3,0,339.46,Deane Duinbleton,dduinbletonem@zdnet.com,PayPal
528,2022-09-01,2022-10-24,Double,3,0,433.95,Dolorita Walaron,dwalaronen@soundcloud.com,Cash
529,2022-12-10,2022-09-19,Suite,3,2,88.28,Tiebold Alejandri,talejandrieo@wikia.com,Credit Card
530,2022-05-23,2022-04-18,Single,4,0,110.4,Dione Adamou,dadamouep@linkedin.com,PayPal
531,2022-03-25,2022-08-25,Suite,1,1,65.05,Selene Gregr,sgregreq@google.nl,PayPal
532,2022-11-27,2022-06-18,Double,1,0,377.01,Jacquelynn Turford,jturforder@cpanel.net,PayPal
533,2022-12-20,2022-11-10,Double,2,1,259.21,Brittani Robjohns,brobjohnses@acquirethisname.com,Credit Card
534,2022-10-22,2022-01-14,Suite,4,2,107.68,Sim Brennon,sbrennonet@yolasite.com,Credit Card
535,2022-09-20,2022-09-19,Double,2,2,122.5,Ivie Zamora,izamoraeu@thetimes.co.uk,Credit Card
536,2022-07-19,2022-08-08,Double,4,0,491.04,Feliks Chatband,fchatbandev@creativecommons.org,PayPal
537,2022-03-12,2022-01-16,Double,1,0,260.67,Mufi Boodle,mboodleew@bizjournals.com,Credit Card
538,2022-04-20,2022-10-21,Suite,1,1,458.83,Gabie Edensor,gedensorex@intel.com,Credit Card
539,2022-06-15,2022-09-08,Single,4,0,74.73,Lorine Nast,lnastey@list-manage.com,PayPal
540,2022-10-07,2022-09-20,Suite,4,2,65.24,Harald Baston,hbastonez@smugmug.com,Cash
541,2022-01-31,2022-03-28,Double,2,0,281.33,Vinny Glendining,vglendiningf0@ucla.edu,Credit Card
542,2022-09-14,2022-01-29,Single,1,0,492.07,Christan Wickett,cwickettf1@cargocollective.com,Cash
543,2022-08-23,2022-07-12,Double,3,0,234.3,Gertrude Phillott,gphillottf2@google.com,PayPal
544,2022-02-23,2022-07-22,Suite,2,2,455.19,Spence O'Finan,sofinanf3@washington.edu,Credit Card
545,2022-12-07,2022-05-28,Suite,1,1,124.56,Lesly Meece,lmeecef4@google.ca,Cash
546,2022-09-23,2022-09-30,Double,1,2,247.51,Brigida Hellmore,bhellmoref5@typepad.com,PayPal
547,2022-11-02,2022-05-01,Single,2,2,299.0,Kylie Mordon,kmordonf6@t.co,Credit Card
548,2022-06-05,2022-02-13,Double,2,1,335.82,Karine Scanlin,kscanlinf7@slideshare.net,Credit Card
549,2022-08-13,2022-09-08,Double,1,1,413.14,Lorine Reeday,lreedayf8@taobao.com,Cash
550,2022-02-27,2022-07-14,Double,1,2,314.42,Maurizia Lamblin,mlamblinf9@ow.ly,Credit Card
551,2022-08-22,2022-11-12,Single,3,1,106.94,Bealle Monkman,bmonkmanfa@ow.ly,Credit Card
552,2022-02-21,2022-09-11,Double,2,2,333.51,Karoly Tolomio,ktolomiofb@dropbox.com,Cash
553,2022-10-26,2022-01-12,Single,1,1,260.42,Haroun Cornejo,hcornejofc@google.ca,Credit Card
554,2022-03-26,2022-04-26,Double,1,0,77.5,Doy Harrold,dharroldfd@yahoo.com,PayPal
555,2022-01-16,2022-02-18,Double,4,1,216.98,Adrea Dioniso,adionisofe@livejournal.com,Cash
556,2022-05-25,2022-03-13,Suite,2,2,317.22,Rickie Delue,rdelueff@github.io,Credit Card
557,2022-12-06,2022-06-17,Single,1,1,283.95,Terrijo Boas,tboasfg@ca.gov,Credit Card
558,2022-10-05,2022-07-06,Single,1,1,92.47,Flora Pavitt,fpavittfh@shop-pro.jp,Cash
559,2022-06-28,2022-04-03,Double,2,2,323.51,Corenda Lembcke,clembckefi@vkontakte.ru,Credit Card
560,2022-06-20,2022-11-25,Suite,1,2,472.32,Marcella Popeley,mpopeleyfj@huffingtonpost.com,PayPal
561,2022-04-01,2022-10-11,Double,3,1,299.99,Sonia Slograve,sslogravefk@prweb.com,PayPal
562,2022-11-21,2022-03-20,Suite,2,2,328.43,Vail Welbeck,vwelbeckfl@admin.ch,Credit Card
563,2022-07-14,2022-07-24,Single,3,1,162.92,Omero Cade,ocadefm@blogger.com,PayPal
564,2022-06-10,2022-05-24,Single,2,1,185.79,Chadd Cromblehome,ccromblehomefn@phpbb.com,Cash
565,2022-12-19,2022-12-25,Single,2,1,174.21,Dario MacRanald,dmacranaldfo@nationalgeographic.com,Cash
566,2022-07-17,2022-12-29,Double,2,2,224.06,Lawrence Wallice,lwallicefp@weibo.com,Cash
567,2022-02-25,2022-07-25,Suite,1,1,478.76,Sebastiano Emlen,semlenfq@mapquest.com,PayPal
568,2022-03-17,2022-07-31,Suite,1,1,462.28,Petra Cohani,pcohanifr@umn.edu,Cash
569,2022-12-28,2022-07-24,Single,1,1,492.95,Bjorn Dickenson,bdickensonfs@cloudflare.com,Cash
570,2022-10-03,2022-11-10,Suite,2,1,66.15,Leshia Pinke,lpinkeft@washingtonpost.com,Credit Card
571,2022-01-30,2022-06-02,Double,4,0,440.98,Onfre Davioud,odavioudfu@wp.com,Cash
572,2022-04-01,2022-08-08,Double,3,0,165.9,Christos Bowkett,cbowkettfv@nifty.com,Credit Card
573,2022-05-04,2022-03-10,Double,3,1,420.03,Gray Train,gtrainfw@merriam-webster.com,PayPal
574,2022-08-03,2022-11-26,Suite,3,0,272.31,Jeanette Marland,jmarlandfx@soup.io,Cash
575,2022-09-07,2022-04-14,Double,3,1,154.67,Thebault Chapman,tchapmanfy@java.com,Credit Card
576,2022-02-15,2022-11-19,Suite,4,1,471.47,Dave Pavier,dpavierfz@dyndns.org,PayPal
577,2022-12-22,2022-08-22,Suite,4,2,169.02,Thadeus Togwell,ttogwellg0@deviantart.com,PayPal
578,2022-07-14,2022-12-20,Single,3,0,269.91,Danna Mertsching,dmertschingg1@hao123.com,Credit Card
579,2022-04-14,2022-09-27,Single,2,0,333.21,Catriona Hawson,chawsong2@wikipedia.org,PayPal
580,2022-01-18,2022-11-15,Single,4,1,141.67,Cherilyn Robertet,crobertetg3@delicious.com,Cash
581,2022-08-18,2022-04-01,Single,1,0,162.86,Twyla MacFadden,tmacfaddeng4@nationalgeographic.com,PayPal
582,2022-02-11,2022-09-28,Single,3,1,466.58,Monica Allso,mallsog5@twitpic.com,Cash
583,2022-07-21,2022-01-06,Double,4,1,135.36,Alleen Milward,amilwardg6@joomla.org,Credit Card
584,2022-05-10,2022-08-15,Double,1,0,220.04,Jeannie Wise,jwiseg7@nba.com,PayPal
585,2022-07-17,2022-08-23,Double,1,2,467.83,Maurizia Colbrun,mcolbrung8@omniture.com,PayPal
586,2022-05-23,2022-10-24,Single,3,0,384.04,Farica Plante,fplanteg9@sphinn.com,Cash
587,2022-03-21,2022-07-05,Single,3,2,141.22,Hogan Columbell,hcolumbellga@instagram.com,PayPal
588,2022-01-21,2022-03-15,Suite,4,2,456.34,Kendre Lewer,klewergb@google.cn,Cash
589,2022-06-17,2022-03-30,Double,2,1,239.19,Sergent Larkby,slarkbygc@dot.gov,PayPal
590,2022-05-16,2022-03-05,Single,3,0,147.87,Zared Della Scala,zdellagd@fema.gov,Credit Card
591,2022-12-10,2022-03-02,Suite,3,1,177.53,Flin Clougher,fclougherge@cnbc.com,Credit Card
592,2022-11-23,2022-12-11,Double,1,2,237.04,Ethel Boydon,eboydongf@squidoo.com,PayPal
593,2022-01-26,2022-12-08,Single,1,2,393.09,Donny Searsby,dsearsbygg@spiegel.de,Credit Card
594,2022-01-05,2022-12-05,Double,4,2,292.1,Becki Sollitt,bsollittgh@mapy.cz,Credit Card
595,2022-01-09,2022-07-02,Single,3,0,67.75,Lothario Kleinplatz,lkleinplatzgi@devhub.com,Credit Card
596,2022-06-26,2022-04-28,Suite,1,1,125.79,Nefen Tumility,ntumilitygj@joomla.org,PayPal
597,2022-04-12,2022-12-30,Double,4,0,168.88,Hilda Taylorson,htaylorsongk@columbia.edu,PayPal
598,2022-07-22,2022-08-10,Double,4,0,189.4,Prisca Murkitt,pmurkittgl@taobao.com,Cash
599,2022-02-12,2022-02-11,Double,1,2,263.35,Zahara Jerram,zjerramgm@behance.net,Credit Card
600,2022-09-10,2022-08-10,Single,2,0,96.33,Gonzalo Fison,gfisongn@google.ru,Cash
601,2022-04-12,2022-03-13,Suite,2,2,416.9,Blake Tooby,btoobygo@tuttocitta.it,Cash
602,2022-08-28,2022-12-17,Double,1,2,336.06,Zelig O' Dooley,zogp@myspace.com,PayPal
603,2022-06-19,2022-08-28,Double,4,0,418.56,Violette Sommerlin,vsommerlingq@opera.com,Credit Card
604,2022-12-29,2022-05-08,Suite,2,2,397.42,Chelsy Card,ccardgr@miibeian.gov.cn,Credit Card
605,2022-12-23,2022-03-05,Double,4,2,149.28,Seka Prott,sprottgs@sciencedaily.com,PayPal
606,2022-12-25,2022-06-22,Single,1,2,265.52,Jinny Brumham,jbrumhamgt@ihg.com,Credit Card
607,2022-11-02,2022-03-13,Double,2,0,87.65,Cathee Brason,cbrasongu@theglobeandmail.com,PayPal
608,2022-10-18,2022-06-25,Single,4,0,61.84,Tami Drinnan,tdrinnangv@tamu.edu,Credit Card
609,2022-06-15,2022-11-22,Double,4,1,394.6,Maxie Vasentsov,mvasentsovgw@w3.org,Cash
610,2022-11-23,2022-08-11,Double,4,1,328.05,Shae Greeveson,sgreevesongx@discovery.com,Cash
611,2022-07-05,2022-02-08,Double,1,2,357.69,Iosep Kubecka,ikubeckagy@mapquest.com,Credit Card
612,2022-10-26,2022-09-15,Single,1,0,381.97,Jeralee Simmens,jsimmensgz@google.co.uk,Credit Card
613,2022-11-17,2022-09-10,Double,1,0,212.96,Loralee Shore,lshoreh0@jalbum.net,Cash
614,2022-06-06,2022-11-14,Suite,1,1,473.6,Jeni Kelsow,jkelsowh1@vkontakte.ru,Cash
615,2022-06-06,2022-04-21,Suite,2,0,129.29,Silvio Coneley,sconeleyh2@theglobeandmail.com,Cash
616,2022-02-14,2022-03-02,Suite,1,1,234.74,Coralie Colleran,ccolleranh3@google.com.hk,PayPal
617,2022-09-23,2022-02-18,Suite,4,0,324.46,Sandi Rhymes,srhymesh4@springer.com,Cash
618,2022-01-18,2022-08-20,Suite,4,0,190.31,Bibbye Ferneyhough,bferneyhoughh5@sourceforge.net,Credit Card
619,2022-10-14,2022-06-09,Double,4,1,294.32,Tish Bloxholm,tbloxholmh6@163.com,Cash
620,2022-11-01,2022-03-02,Double,2,2,424.33,Dieter Dowzell,ddowzellh7@netscape.com,Cash
621,2022-09-21,2022-12-07,Double,3,2,366.65,Montague Rudsdale,mrudsdaleh8@boston.com,Cash
622,2022-08-29,2022-07-21,Suite,4,1,195.95,Emerson Gowrich,egowrichh9@hud.gov,Cash
623,2022-07-02,2022-06-26,Double,3,0,333.55,Payton Yven,pyvenha@unicef.org,Credit Card
624,2022-11-13,2022-10-06,Double,1,2,313.6,Orv Spratling,ospratlinghb@pcworld.com,Credit Card
625,2022-10-15,2022-07-15,Suite,2,0,212.96,Helli Standfield,hstandfieldhc@unblog.fr,Cash
626,2022-12-07,2022-10-08,Single,1,1,86.03,Stanley Eagleton,seagletonhd@unesco.org,Cash
627,2022-08-07,2022-07-05,Single,3,0,337.49,Jasen Kershaw,jkershawhe@imgur.com,Credit Card
628,2022-04-22,2022-10-23,Single,3,1,285.06,Peg Sollom,psollomhf@addtoany.com,PayPal
629,2022-07-28,2022-09-22,Suite,2,1,235.49,Ludovika Halling,lhallinghg@google.cn,PayPal
630,2022-09-15,2022-01-18,Suite,3,2,78.05,Drusilla Airton,dairtonhh@adobe.com,PayPal
631,2022-04-28,2022-10-25,Single,2,2,485.96,Nathan Blayney,nblayneyhi@alexa.com,Cash
632,2022-02-09,2022-06-18,Double,1,1,286.57,Cherin Beveredge,cbeveredgehj@naver.com,Credit Card
633,2022-08-30,2022-09-15,Suite,1,1,475.61,Jedd Falkous,jfalkoushk@360.cn,Cash
634,2022-01-29,2022-05-03,Single,3,0,153.36,Eduard Illingsworth,eillingsworthhl@livejournal.com,Credit Card
635,2022-04-29,2022-08-24,Single,2,0,396.9,Felicio Byron,fbyronhm@slashdot.org,Cash
636,2022-09-21,2022-03-24,Suite,3,1,386.9,Harper Biesinger,hbiesingerhn@berkeley.edu,PayPal
637,2022-12-22,2022-03-21,Suite,2,0,163.6,Thoma Grob,tgrobho@php.net,Credit Card
638,2022-07-20,2022-03-16,Suite,1,2,480.65,Wanda Kynnd,wkynndhp@washingtonpost.com,PayPal
639,2022-10-24,2022-12-25,Double,1,1,171.75,Nicolai Maudett,nmaudetthq@goo.gl,PayPal
640,2022-02-19,2022-05-17,Double,3,0,390.08,Ann-marie Rutigliano,arutiglianohr@scientificamerican.com,Cash
641,2022-03-26,2022-12-14,Suite,4,1,485.34,Lesley Nardoni,lnardonihs@clickbank.net,Credit Card
642,2022-12-21,2022-02-15,Suite,2,1,373.0,Davine Wooster,dwoosterht@twitter.com,PayPal
643,2022-02-21,2022-04-24,Double,1,2,412.89,Calida Rupert,cruperthu@google.co.uk,Credit Card
644,2022-09-26,2022-11-13,Single,3,2,314.76,Neile Winteringham,nwinteringhamhv@theguardian.com,Cash
645,2022-04-24,2022-10-09,Double,2,0,375.6,Lowrance Lenaghen,llenaghenhw@typepad.com,PayPal
646,2022-11-13,2022-04-06,Suite,1,0,367.37,Seamus Lukins,slukinshx@ebay.com,Credit Card
647,2022-09-20,2022-04-10,Single,4,1,198.8,Clayborn McCrackem,cmccrackemhy@diigo.com,Cash
648,2022-09-04,2022-05-17,Suite,2,1,114.92,Sauveur Philippeaux,sphilippeauxhz@google.nl,Cash
649,2022-03-07,2022-04-07,Suite,2,0,338.22,Seka Iacivelli,siacivellii0@a8.net,Credit Card
650,2022-05-26,2022-08-08,Single,4,0,412.24,Kingsly Heningham,kheninghami1@whitehouse.gov,PayPal
651,2022-12-20,2022-08-25,Single,4,1,54.34,Joline Knagges,jknaggesi2@prlog.org,PayPal
652,2022-05-03,2022-04-28,Single,1,2,461.92,Ema Pardie,epardiei3@freewebs.com,Cash
653,2022-08-10,2022-01-08,Suite,1,2,108.65,Poppy Dominy,pdominyi4@mozilla.com,Credit Card
654,2022-08-07,2022-06-29,Double,4,1,314.04,Fielding Harrison,fharrisoni5@istockphoto.com,Cash
655,2022-12-20,2022-07-10,Double,4,2,351.7,Claiborne Van der Kruijs,cvani6@rakuten.co.jp,Credit Card
656,2022-09-15,2022-06-01,Single,2,2,413.71,Jackquelin Kitchingman,jkitchingmani7@mysql.com,Credit Card
657,2022-07-01,2022-07-11,Single,4,2,261.95,Lev Gimlet,lgimleti8@cnet.com,Cash
658,2022-01-02,2022-05-28,Double,3,0,320.88,Ursola Ondrus,uondrusi9@biglobe.ne.jp,Credit Card
659,2022-05-26,2022-04-03,Single,1,1,482.36,Lu Le Teve,lleia@parallels.com,PayPal
660,2022-05-08,2022-03-05,Double,2,2,164.63,Galina Thomann,gthomannib@woothemes.com,PayPal
661,2022-10-16,2022-09-26,Double,1,2,184.73,Carlen Pincott,cpincottic@gravatar.com,Cash
662,2022-08-01,2022-07-31,Suite,2,2,456.02,Arlie Henriquet,ahenriquetid@mozilla.org,Credit Card
663,2022-01-05,2022-04-26,Single,4,2,210.0,Darby Babst,dbabstie@homestead.com,Cash
664,2022-05-30,2022-10-30,Suite,2,0,430.47,Halette Cockshoot,hcockshootif@businessweek.com,Cash
665,2022-06-28,2022-07-03,Suite,4,1,349.69,Yorker Lambert-Ciorwyn,ylambertciorwynig@deliciousdays.com,PayPal
666,2022-04-09,2022-04-03,Double,1,0,219.46,Darrin Sinnat,dsinnatih@sciencedaily.com,Cash
667,2022-05-12,2022-08-15,Suite,1,1,497.6,Sandy Ullett,sullettii@goo.ne.jp,Credit Card
668,2022-09-06,2022-03-01,Double,4,1,81.83,Sly Carlan,scarlanij@studiopress.com,Credit Card
669,2022-03-18,2022-03-29,Single,3,0,274.9,Mariya Keningham,mkeninghamik@slashdot.org,Credit Card
670,2022-06-11,2022-08-23,Suite,2,1,156.61,Leland Iacapucci,liacapucciil@sfgate.com,Cash
671,2022-05-08,2022-01-19,Double,3,0,139.64,Alfy Neylon,aneylonim@histats.com,PayPal
672,2022-09-27,2022-03-31,Single,4,1,186.61,Haven Iddon,hiddonin@addthis.com,Credit Card
673,2022-11-24,2022-06-25,Suite,2,2,474.02,Bertram MacIlraith,bmacilraithio@nhs.uk,Cash
674,2022-06-09,2022-01-02,Double,1,1,285.11,Lissy Pirouet,lpirouetip@youku.com,Cash
675,2022-04-05,2022-10-13,Double,1,1,241.46,Gladys Scambler,gscambleriq@fc2.com,Credit Card
676,2022-02-02,2022-01-06,Suite,2,0,340.35,Cesar Burchill,cburchillir@printfriendly.com,Cash
677,2022-09-09,2022-08-13,Single,3,1,207.23,Maribel Hayto,mhaytois@wikipedia.org,Credit Card
678,2022-05-09,2022-01-08,Double,3,1,313.66,Alis Scade,ascadeit@storify.com,Cash
679,2022-01-10,2022-09-29,Single,1,2,177.6,Brittney Biagi,bbiagiiu@yale.edu,Cash
680,2022-02-22,2022-06-25,Double,3,0,482.55,Dina Trusdale,dtrusdaleiv@drupal.org,Credit Card
681,2022-01-07,2022-06-13,Suite,3,2,434.35,Aurilia Eyres,aeyresiw@barnesandnoble.com,PayPal
682,2022-01-21,2022-09-08,Double,4,1,247.72,Sephira Luppitt,sluppittix@naver.com,Credit Card
683,2022-06-17,2022-09-04,Single,1,0,402.88,Concettina Rossoni,crossoniiy@vistaprint.com,PayPal
684,2022-12-07,2022-04-06,Suite,2,1,231.45,Corrina Lochet,clochetiz@mapquest.com,Cash
685,2022-09-27,2022-04-29,Single,2,2,379.0,Stacey Dunabie,sdunabiej0@apache.org,Credit Card
686,2022-05-29,2022-02-24,Single,4,2,74.46,Ham Sunshine,hsunshinej1@intel.com,Credit Card
687,2022-05-09,2022-10-28,Suite,3,0,480.6,Cleveland Aronin,caroninj2@yandex.ru,PayPal
688,2022-06-24,2022-10-31,Suite,3,1,440.92,Hildagarde Cohan,hcohanj3@cloudflare.com,PayPal
689,2022-05-10,2022-05-25,Double,4,1,323.86,Arliene Buckham,abuckhamj4@hexun.com,Credit Card
690,2022-10-20,2022-03-12,Single,4,2,102.81,Uriah Thomlinson,uthomlinsonj5@shop-pro.jp,Cash
691,2022-01-26,2022-01-21,Double,2,0,166.61,Cally Helliwell,chelliwellj6@wikia.com,Credit Card
692,2022-06-22,2022-02-13,Single,4,1,438.66,Mahalia Jahn,mjahnj7@facebook.com,Credit Card
693,2022-08-25,2022-11-14,Single,2,0,235.77,Teriann Reddin,treddinj8@paginegialle.it,Cash
694,2022-12-29,2022-12-21,Suite,1,2,322.15,Zaccaria Armytage,zarmytagej9@yahoo.co.jp,PayPal
695,2022-06-05,2022-06-10,Suite,3,0,135.18,Nerita MacAdie,nmacadieja@unesco.org,Credit Card
696,2022-10-25,2022-09-29,Double,4,1,225.16,Angelle Mackinder,amackinderjb@huffingtonpost.com,Credit Card
697,2022-10-09,2022-07-24,Single,1,1,413.82,Eyde Sapena,esapenajc@nydailynews.com,Cash
698,2022-12-01,2022-07-26,Double,4,1,319.24,Jeramey Watson-Brown,jwatsonbrownjd@xinhuanet.com,PayPal
699,2022-01-25,2022-03-19,Single,1,2,455.07,Dene Cloutt,dclouttje@ftc.gov,Cash
700,2022-10-28,2022-07-15,Suite,2,2,366.06,Carmelita Rolles,crollesjf@jugem.jp,Cash
701,2022-12-20,2022-07-19,Double,3,0,75.56,Alejandra Kennady,akennadyjg@dedecms.com,PayPal
702,2022-04-05,2022-08-18,Double,1,1,55.36,Pierson Lieber,plieberjh@tamu.edu,Cash
703,2022-02-20,2022-08-17,Suite,3,2,397.27,Aimil Youde,ayoudeji@goodreads.com,Cash
704,2022-03-30,2022-08-15,Suite,3,0,131.12,Corrina Mounch,cmounchjj@dailymotion.com,Credit Card
705,2022-11-16,2022-01-26,Double,2,1,137.32,Merola Dedmam,mdedmamjk@networksolutions.com,Credit Card
706,2022-09-28,2022-12-24,Suite,2,0,106.25,Sondra Beecham,sbeechamjl@tinypic.com,Cash
707,2022-01-26,2022-07-02,Single,3,0,331.05,Vinnie Megany,vmeganyjm@opera.com,Credit Card
708,2022-10-08,2022-06-15,Double,2,2,387.29,Julio Yateman,jyatemanjn@marketwatch.com,Cash
709,2022-03-27,2022-05-04,Suite,4,0,200.58,Terese Holtham,tholthamjo@amazon.co.uk,Credit Card
710,2022-07-21,2022-02-14,Single,1,1,391.03,Marylynne Turone,mturonejp@yelp.com,Cash
711,2022-08-10,2022-05-03,Double,1,0,263.89,Kylie Tweed,ktweedjq@techcrunch.com,PayPal
712,2022-12-08,2022-05-12,Single,4,0,427.98,Mic Tillerton,mtillertonjr@oaic.gov.au,PayPal
713,2022-03-28,2022-07-11,Suite,1,0,419.91,Maximo Bonallack,mbonallackjs@upenn.edu,PayPal
714,2022-05-26,2022-02-02,Suite,1,2,223.78,Dino Slaymaker,dslaymakerjt@illinois.edu,PayPal
715,2022-03-19,2022-09-01,Single,1,0,139.67,Lonni Ciabatteri,lciabatteriju@blogspot.com,Credit Card
716,2022-09-22,2022-05-22,Suite,2,2,389.86,Kerry Dando,kdandojv@epa.gov,Cash
717,2022-02-11,2022-06-04,Double,1,2,445.11,Conny Gloy,cgloyjw@narod.ru,Credit Card
718,2022-11-11,2022-12-16,Suite,2,2,189.44,Anselm Wallbanks,awallbanksjx@blinklist.com,PayPal
719,2022-04-14,2022-08-15,Suite,4,0,460.51,Elroy Dello,edellojy@sciencedaily.com,Credit Card
720,2022-12-11,2022-03-09,Suite,1,1,238.79,Pansy Scambler,pscamblerjz@bbb.org,PayPal
721,2022-07-24,2022-08-05,Suite,4,1,247.53,Giacinta Lankham,glankhamk0@scientificamerican.com,Credit Card
722,2022-11-08,2022-08-16,Single,4,2,133.39,Adrea Evans,aevansk1@adobe.com,Cash
723,2022-01-10,2022-09-27,Single,2,2,223.6,Rriocard Mace,rmacek2@dell.com,Credit Card
724,2022-03-11,2022-02-02,Double,3,1,168.02,Thelma Chilver,tchilverk3@sciencedirect.com,Cash
725,2022-12-10,2022-10-08,Double,1,1,448.96,Nicola Abbado,nabbadok4@uol.com.br,Cash
726,2022-10-28,2022-04-06,Suite,3,2,204.11,Simmonds Tolliday,stollidayk5@google.nl,PayPal
727,2022-05-28,2022-03-24,Double,1,2,143.22,Andre Standingford,astandingfordk6@cloudflare.com,Cash
728,2022-06-06,2022-10-29,Single,3,2,76.48,Naoma Foux,nfouxk7@cdbaby.com,Cash
729,2022-06-27,2022-08-22,Double,1,2,101.62,Hoebart Delacourt,hdelacourtk8@nba.com,Cash
730,2022-04-29,2022-03-19,Double,3,1,305.29,Herculie Aizikowitz,haizikowitzk9@google.nl,Credit Card
731,2022-08-22,2022-01-20,Single,2,1,367.73,Galvin Colls,gcollska@about.com,Credit Card
732,2022-11-24,2022-12-24,Double,2,2,491.43,Christian Pithie,cpithiekb@hud.gov,Credit Card
733,2022-08-29,2022-11-06,Suite,2,2,263.94,May McDermott-Row,mmcdermottrowkc@nymag.com,Cash
734,2022-08-20,2022-01-10,Single,4,0,302.08,Alvin O'Kelly,aokellykd@youtube.com,PayPal
735,2022-10-23,2022-01-30,Single,1,2,425.15,Marris Roddie,mroddieke@issuu.com,Credit Card
736,2022-04-02,2022-07-29,Double,4,0,424.93,Arleyne McDuff,amcduffkf@edublogs.org,Credit Card
737,2022-08-26,2022-03-25,Double,4,1,326.67,Georgeanne Bertomier,gbertomierkg@usatoday.com,Credit Card
738,2022-06-05,2022-01-03,Suite,1,0,106.2,Thom Clemont,tclemontkh@nyu.edu,Credit Card
739,2022-04-03,2022-12-10,Single,3,1,386.44,Sherlock Wickerson,swickersonki@ustream.tv,Credit Card
740,2022-04-05,2022-04-11,Double,3,1,290.95,Cob Heggman,cheggmankj@berkeley.edu,Credit Card
741,2022-05-21,2022-04-15,Suite,2,0,113.63,Sallee Defries,sdefrieskk@blogspot.com,Credit Card
742,2022-07-28,2022-03-26,Single,4,2,272.23,Gill Blood,gbloodkl@facebook.com,PayPal
743,2022-05-30,2022-04-19,Suite,4,2,393.09,Morena Burnard,mburnardkm@state.gov,Credit Card
744,2022-06-26,2022-10-05,Double,4,2,391.79,Nancee McEttigen,nmcettigenkn@mlb.com,Credit Card
745,2022-04-10,2022-03-11,Double,4,1,213.24,Aldis Armal,aarmalko@163.com,PayPal
746,2022-04-01,2022-08-24,Single,3,0,181.1,Haroun Marriott,hmarriottkp@europa.eu,Credit Card
747,2022-01-29,2022-08-23,Suite,2,0,258.32,Pavla Rebbeck,prebbeckkq@cam.ac.uk,Cash
748,2022-08-30,2022-07-04,Single,3,0,226.66,Amalie Abells,aabellskr@indiatimes.com,Credit Card
749,2022-05-10,2022-11-27,Double,3,1,91.83,Shalna Skrine,sskrineks@hhs.gov,Credit Card
750,2022-04-27,2022-08-24,Single,1,1,157.81,Fleming Harrema,fharremakt@weebly.com,PayPal
751,2022-10-07,2022-03-23,Suite,2,2,341.34,Rusty Rekes,rrekesku@trellian.com,PayPal
752,2022-07-28,2022-03-21,Single,4,0,353.35,Alexandros Ornelas,aornelaskv@nature.com,Credit Card
753,2022-04-18,2022-04-30,Single,3,1,334.78,Berenice Bows,bbowskw@posterous.com,Credit Card
754,2022-08-23,2022-05-31,Suite,1,2,402.4,Halli Philot,hphilotkx@123-reg.co.uk,Cash
755,2022-03-16,2022-10-31,Single,3,2,317.92,Hadria Balmadier,hbalmadierky@live.com,Cash
756,2022-10-25,2022-03-28,Double,1,1,315.64,Codie Corbie,ccorbiekz@paginegialle.it,PayPal
757,2022-02-19,2022-08-16,Single,4,0,255.21,Ketty Huntingford,khuntingfordl0@baidu.com,Credit Card
758,2022-01-11,2022-06-20,Suite,4,0,428.97,Nydia Gergler,ngerglerl1@yelp.com,Cash
759,2022-07-08,2022-02-24,Suite,4,1,208.69,Diarmid Dominelli,ddominellil2@pbs.org,PayPal
760,2022-08-05,2022-05-04,Single,4,0,443.37,Cristen Grimsdale,cgrimsdalel3@nhs.uk,PayPal
761,2022-06-09,2022-03-24,Suite,2,0,129.28,Alvan Plom,aploml4@china.com.cn,PayPal
762,2022-05-03,2022-09-04,Double,1,1,247.24,Roberta Greg,rgregl5@slashdot.org,Cash
763,2022-05-27,2022-11-24,Suite,1,0,341.05,Andra Addams,aaddamsl6@ow.ly,PayPal
764,2022-04-16,2022-02-19,Suite,2,0,409.62,Earle Buff,ebuffl7@globo.com,PayPal
765,2022-03-03,2022-02-04,Double,1,1,102.74,Jeniffer Chetter,jchetterl8@linkedin.com,Cash
766,2022-10-19,2022-05-16,Double,3,0,402.9,Rahel Conechie,rconechiel9@macromedia.com,Cash
767,2022-03-10,2022-12-02,Suite,1,1,151.45,Rosalinde Water,rwaterla@dell.com,PayPal
768,2022-09-03,2022-04-15,Double,2,2,199.12,Shelbi Foskett,sfoskettlb@xing.com,Credit Card
769,2022-07-31,2022-06-21,Single,1,1,208.87,Arlina Bigglestone,abigglestonelc@networkadvertising.org,Credit Card
770,2022-04-27,2022-10-16,Suite,3,0,157.56,Keelby Knowles,kknowlesld@dyndns.org,PayPal
771,2022-05-26,2022-07-25,Double,3,1,478.74,Kenny Mogg,kmoggle@cam.ac.uk,Cash
772,2022-08-13,2022-05-27,Double,2,0,241.04,Adrienne Delap,adelaplf@scientificamerican.com,PayPal
773,2022-04-01,2022-09-09,Suite,4,1,355.52,Bernetta Lauritzen,blauritzenlg@about.com,PayPal
774,2022-10-15,2022-11-08,Double,3,2,209.88,Sophey Foulks,sfoulkslh@amazon.co.jp,Cash
775,2022-06-20,2022-10-07,Single,2,1,198.0,Myrtie Erwin,merwinli@uol.com.br,PayPal
776,2022-12-12,2022-04-16,Single,4,1,122.07,Barbe Rex,brexlj@google.com,Credit Card
777,2022-06-22,2022-02-03,Suite,1,0,431.5,Raphaela Barkway,rbarkwaylk@wp.com,Credit Card
778,2022-05-19,2022-08-12,Suite,4,2,81.79,Hi Matisoff,hmatisoffll@bbb.org,PayPal
779,2022-11-25,2022-05-31,Suite,2,0,252.72,Finlay Ramey,frameylm@go.com,PayPal
780,2022-11-25,2022-10-09,Double,4,0,135.82,Nichole Feavyour,nfeavyourln@diigo.com,Cash
781,2022-09-20,2022-07-11,Double,2,2,472.73,Horatia Andreotti,handreottilo@tumblr.com,Cash
782,2022-11-17,2022-10-12,Single,3,1,247.96,Gwenny Eggins,gegginslp@vk.com,Credit Card
783,2022-03-18,2022-02-08,Single,3,0,459.2,Hamlin Sands,hsandslq@howstuffworks.com,Credit Card
784,2022-10-10,2022-05-05,Suite,3,1,303.19,Hadleigh Pankettman,hpankettmanlr@lulu.com,PayPal
785,2022-10-30,2022-04-20,Double,4,0,96.76,Kele Goody,kgoodyls@gravatar.com,Cash
786,2022-10-23,2022-09-03,Double,2,0,480.17,Di Seelbach,dseelbachlt@blogger.com,Credit Card
787,2022-05-22,2022-08-22,Single,3,0,211.16,Jerrilyn Kaszper,jkaszperlu@pbs.org,PayPal
788,2022-02-01,2022-08-12,Suite,2,0,58.95,Wilmer Hubbold,whubboldlv@unesco.org,Credit Card
789,2022-01-21,2022-02-26,Suite,4,0,383.99,Clarette Menier,cmenierlw@examiner.com,Credit Card
790,2022-10-25,2022-06-24,Single,1,0,324.37,Horacio Rogerot,hrogerotlx@wordpress.org,PayPal
791,2022-07-13,2022-05-29,Single,1,0,489.37,Clerc Grooby,cgroobyly@furl.net,Credit Card
792,2022-06-25,2022-03-01,Suite,1,0,202.39,Cross Keningham,ckeninghamlz@yandex.ru,PayPal
793,2022-08-07,2022-02-20,Suite,1,2,302.5,Craggie Keates,ckeatesm0@163.com,PayPal
794,2022-09-10,2022-07-03,Suite,3,2,397.77,Ines Nairn,inairnm1@apple.com,PayPal
795,2022-03-16,2022-04-03,Double,3,1,257.48,Garner Dillow,gdillowm2@myspace.com,PayPal
796,2022-03-08,2022-03-03,Double,2,2,361.63,Quintin Thompson,qthompsonm3@privacy.gov.au,PayPal
797,2022-03-15,2022-06-23,Single,3,1,352.01,Lorraine McKelloch,lmckellochm4@example.com,Cash
798,2022-07-30,2022-03-07,Suite,3,1,177.05,Faustina Sexten,fsextenm5@ebay.co.uk,Credit Card
799,2022-12-03,2022-01-15,Single,4,0,56.71,Umeko Buckie,ubuckiem6@sbwire.com,PayPal
800,2022-02-28,2022-01-26,Suite,2,0,363.26,Roger Pritchard,rpritchardm7@t.co,PayPal
801,2022-12-15,2022-10-08,Single,4,0,335.1,Jerrilee Paulazzi,jpaulazzim8@cnn.com,Credit Card
802,2022-12-06,2022-06-02,Single,4,1,497.66,Tedra Bartoszek,tbartoszekm9@flavors.me,PayPal
803,2022-10-05,2022-06-24,Double,2,1,382.32,Eugine Simkiss,esimkissma@slideshare.net,Cash
804,2022-05-19,2022-11-01,Double,4,0,436.54,Christel Barrat,cbarratmb@desdev.cn,PayPal
805,2022-05-29,2022-03-18,Single,3,2,73.48,Kain Getty,kgettymc@cbslocal.com,PayPal
806,2022-05-26,2022-07-03,Suite,2,0,248.48,Meyer Orneblow,morneblowmd@utexas.edu,PayPal
807,2022-05-15,2022-01-04,Suite,3,0,421.96,Obie Landrieu,olandrieume@alexa.com,Cash
808,2022-11-17,2022-07-02,Suite,2,1,269.52,Vlad Bruckenthal,vbruckenthalmf@java.com,PayPal
809,2022-09-01,2022-03-25,Single,2,2,337.86,Alina Tieman,atiemanmg@omniture.com,Cash
810,2022-07-27,2022-11-07,Single,2,2,481.89,Bailey Kibbe,bkibbemh@lulu.com,Credit Card
811,2022-03-17,2022-07-21,Double,2,0,217.86,Robers Brideoke,rbrideokemi@posterous.com,PayPal
812,2022-05-26,2022-09-27,Suite,2,0,287.37,Jorry Besnardeau,jbesnardeaumj@smugmug.com,Credit Card
813,2022-02-26,2022-05-24,Suite,2,2,130.5,Florette Likly,fliklymk@sina.com.cn,PayPal
814,2022-11-06,2022-01-12,Suite,3,0,375.86,Gilly Firman,gfirmanml@arizona.edu,PayPal
815,2022-06-17,2022-07-28,Single,4,2,215.12,Cornelle Woolward,cwoolwardmm@istockphoto.com,Cash
816,2022-10-19,2022-08-09,Single,4,0,231.01,Gregorio Parlett,gparlettmn@amazon.de,PayPal
817,2022-04-27,2022-08-23,Double,2,1,399.26,Berne De Micoli,bdemo@bigcartel.com,Cash
818,2022-03-04,2022-05-18,Double,4,0,202.59,Dannye Lusher,dlushermp@dyndns.org,Credit Card
819,2022-03-24,2022-01-07,Suite,4,1,377.77,Roberto Simek,rsimekmq@walmart.com,Cash
820,2022-10-02,2022-01-04,Suite,4,0,167.32,Celia MacAindreis,cmacaindreismr@wikimedia.org,Cash
821,2022-11-24,2022-06-13,Suite,2,0,440.37,Ann Ogelsby,aogelsbyms@amazon.co.uk,Credit Card
822,2022-08-20,2022-02-15,Suite,1,1,185.49,Shurwood Ebbetts,sebbettsmt@epa.gov,PayPal
823,2022-11-27,2022-05-15,Double,1,2,423.7,Natka Smethurst,nsmethurstmu@nature.com,Cash
824,2022-05-17,2022-11-25,Double,1,2,293.63,Fran Richardet,frichardetmv@toplist.cz,Credit Card
825,2022-01-19,2022-06-30,Suite,1,2,54.63,Rosalinda Quincey,rquinceymw@gnu.org,Credit Card
826,2022-03-27,2022-11-24,Double,4,0,144.15,Hewitt Wittrington,hwittringtonmx@abc.net.au,Cash
827,2022-03-21,2022-07-06,Suite,1,0,489.73,Byrle Everington,beveringtonmy@cbsnews.com,Credit Card
828,2022-12-11,2022-07-09,Suite,2,1,390.5,Danyelle Halsworth,dhalsworthmz@tinyurl.com,PayPal
829,2022-03-07,2022-12-22,Suite,1,0,55.65,Zechariah Saiens,zsaiensn0@imdb.com,Credit Card
830,2022-11-10,2022-06-08,Single,3,1,405.11,Pinchas Loren,plorenn1@oracle.com,Cash
831,2022-01-25,2022-06-15,Suite,3,2,475.51,Thorsten Duquesnay,tduquesnayn2@histats.com,Cash
832,2022-10-18,2022-09-26,Double,3,0,295.93,Alva Brimblecomb,abrimblecombn3@ca.gov,Cash
833,2022-07-18,2022-04-09,Single,4,2,255.03,Blinni Yurov,byurovn4@bigcartel.com,PayPal
834,2022-03-13,2022-11-12,Suite,3,2,138.43,Dexter Chatelain,dchatelainn5@cam.ac.uk,Cash
835,2022-10-13,2022-10-04,Single,4,0,174.88,Joseito Flieg,jfliegn6@networksolutions.com,PayPal
836,2022-12-06,2022-12-05,Double,3,2,453.09,Collen Oxteby,coxtebyn7@icq.com,PayPal
837,2022-07-20,2022-08-20,Double,4,1,53.3,Jeramey Dorkens,jdorkensn8@dion.ne.jp,Cash
838,2022-03-12,2022-07-24,Single,2,1,228.59,Lina Peres,lperesn9@nymag.com,PayPal
839,2022-06-03,2022-03-29,Single,3,1,188.16,Lina Fraczkiewicz,lfraczkiewiczna@list-manage.com,Credit Card
840,2022-09-19,2022-06-06,Double,1,0,485.56,Loydie Durnford,ldurnfordnb@mlb.com,Cash
841,2022-01-17,2022-04-01,Suite,3,1,338.34,Kristel Lindstrom,klindstromnc@clickbank.net,PayPal
842,2022-10-08,2022-07-07,Suite,3,0,265.93,Jasmine Town,jtownnd@issuu.com,Credit Card
843,2022-03-27,2022-11-08,Suite,4,0,278.97,Keane Jelley,kjelleyne@sakura.ne.jp,Credit Card
844,2022-11-10,2022-06-12,Double,2,0,266.99,Katinka Readie,kreadienf@time.com,Cash
845,2022-02-04,2022-10-18,Single,2,1,191.87,Rodge Winscum,rwinscumng@ftc.gov,Credit Card
846,2022-07-02,2022-10-21,Single,1,2,144.02,Pollyanna Stickney,pstickneynh@twitter.com,PayPal
847,2022-03-08,2022-12-22,Double,1,2,60.21,Almeria McLurg,amclurgni@cmu.edu,PayPal
848,2022-01-26,2022-04-08,Double,4,0,113.14,Clementius Rayne,craynenj@cdbaby.com,Credit Card
849,2022-09-28,2022-09-19,Single,4,1,312.63,Nettle Cawtheray,ncawtheraynk@ezinearticles.com,Cash
850,2022-05-29,2022-06-20,Double,1,2,366.03,Tasia Blakes,tblakesnl@com.com,Cash
851,2022-04-29,2022-12-16,Suite,4,0,423.8,Wit Riley,wrileynm@thetimes.co.uk,PayPal
852,2022-07-17,2022-12-19,Single,4,0,245.18,Micheil Latimer,mlatimernn@mlb.com,Cash
853,2022-04-04,2022-05-09,Double,4,2,411.92,Jo De Giovanni,jdeno@usatoday.com,Credit Card
854,2022-06-25,2022-04-20,Double,2,1,432.62,Tracey Addeycott,taddeycottnp@wordpress.com,Cash
855,2022-02-13,2022-07-31,Double,3,2,243.76,Ragnar Hicklingbottom,rhicklingbottomnq@desdev.cn,Cash
856,2022-01-18,2022-02-03,Double,4,1,300.2,Kliment Lockier,klockiernr@privacy.gov.au,Credit Card
857,2022-07-31,2022-08-27,Double,3,2,66.04,Rubin Hobbert,rhobbertns@exblog.jp,Cash
858,2022-01-10,2022-11-18,Double,4,2,444.49,Cornelia Prahl,cprahlnt@furl.net,PayPal
859,2022-10-04,2022-09-19,Single,2,0,231.37,Dorree Vedekhov,dvedekhovnu@paginegialle.it,Cash
860,2022-11-05,2022-01-09,Double,3,0,234.3,Guilbert Zimek,gzimeknv@freewebs.com,Cash
861,2022-06-17,2022-06-20,Double,3,1,115.74,Antonin Sambidge,asambidgenw@typepad.com,Credit Card
862,2022-11-15,2022-09-09,Single,3,1,154.32,Koralle Physic,kphysicnx@bloomberg.com,PayPal
863,2022-05-03,2022-01-13,Suite,2,2,424.61,Brit Schulze,bschulzeny@rakuten.co.jp,Cash
864,2022-11-14,2022-09-25,Double,3,1,344.22,Chaddie Twiddle,ctwiddlenz@washington.edu,Cash
865,2022-03-25,2022-11-13,Single,2,0,351.84,Orel Fairham,ofairhamo0@squarespace.com,PayPal
866,2022-02-14,2022-01-04,Suite,3,1,341.27,Mignon Rivalland,mrivallando1@e-recht24.de,Cash
867,2022-10-08,2022-03-20,Single,1,0,256.76,Shoshanna Marcus,smarcuso2@privacy.gov.au,PayPal
868,2022-09-30,2022-02-01,Double,2,2,153.01,Sherrie MacKomb,smackombo3@narod.ru,PayPal
869,2022-12-01,2022-02-09,Double,3,1,118.9,Bunni Concklin,bconcklino4@sun.com,Credit Card
870,2022-03-29,2022-03-04,Double,4,1,113.48,Sallie Dourin,sdourino5@netscape.com,PayPal
871,2022-06-25,2022-08-29,Suite,2,1,270.41,Juliane Dudgeon,jdudgeono6@tumblr.com,Credit Card
872,2022-02-01,2022-10-31,Double,1,2,285.69,Dillon Cheesman,dcheesmano7@ocn.ne.jp,Credit Card
873,2022-10-06,2022-06-10,Double,1,2,208.85,Mace Barttrum,mbarttrumo8@addthis.com,Cash
874,2022-03-14,2022-09-13,Suite,1,2,369.9,Garrick Ruddom,gruddomo9@hatena.ne.jp,PayPal
875,2022-02-12,2022-01-20,Suite,1,2,481.4,Concordia Cartledge,ccartledgeoa@state.gov,Credit Card
876,2022-09-26,2022-05-24,Suite,2,2,313.34,Ulrica Elcoat,uelcoatob@forbes.com,Cash
877,2022-01-18,2022-06-24,Single,1,2,50.56,Griff Gallaccio,ggallacciooc@reddit.com,Credit Card
878,2022-01-14,2022-03-02,Double,2,0,399.65,Spenser Bransom,sbransomod@shop-pro.jp,Credit Card
879,2022-01-19,2022-10-17,Double,2,0,323.16,Fayina Beardow,fbeardowoe@digg.com,Credit Card
880,2022-09-02,2022-10-06,Single,4,2,278.96,Loria Bhatia,lbhatiaof@sogou.com,Credit Card
881,2022-01-27,2022-07-27,Double,1,0,70.73,Ronda Admans,radmansog@tiny.cc,PayPal
882,2022-08-13,2022-04-29,Single,4,0,293.68,Stacey Lander,slanderoh@sun.com,Credit Card
883,2022-10-31,2022-08-20,Suite,4,2,413.36,Flossie Cutford,fcutfordoi@bbc.co.uk,PayPal
884,2022-12-12,2022-10-24,Single,3,2,492.25,Tersina Ambrogiotti,tambrogiottioj@bloglines.com,Cash
885,2022-05-27,2022-06-21,Single,3,1,138.81,Sal Ellsom,sellsomok@bloomberg.com,Credit Card
886,2022-05-05,2022-04-12,Double,4,1,169.17,Adrea Plume,aplumeol@trellian.com,Credit Card
887,2022-03-12,2022-09-09,Single,2,2,241.12,Andeee Edmondson,aedmondsonom@goo.gl,PayPal
888,2022-09-16,2022-01-30,Suite,3,1,118.05,Berni Pinnell,bpinnellon@accuweather.com,Credit Card
889,2022-02-04,2022-08-31,Suite,4,0,368.63,Kirstyn Barnhart,kbarnhartoo@msn.com,Cash
890,2022-10-19,2022-11-27,Single,1,0,169.48,Brynne Barnsdall,bbarnsdallop@wisc.edu,Cash
891,2022-09-10,2022-11-15,Single,1,0,250.58,Sayres Coveney,scoveneyoq@wsj.com,Cash
892,2022-02-22,2022-04-14,Single,3,0,469.2,Laure Siviter,lsiviteror@hc360.com,PayPal
893,2022-07-19,2022-02-06,Single,1,1,398.82,Marita Oxbe,moxbeos@example.com,PayPal
894,2022-11-26,2022-05-04,Single,3,0,454.07,Cosme Leverington,cleveringtonot@shinystat.com,Credit Card
895,2022-10-22,2022-10-25,Single,4,2,433.22,Kelli Bear,kbearou@reuters.com,PayPal
896,2022-09-03,2022-07-24,Single,4,0,325.61,Nydia Meert,nmeertov@linkedin.com,PayPal
897,2022-09-18,2022-04-15,Suite,1,2,477.74,Zechariah Jackson,zjacksonow@diigo.com,PayPal
898,2022-10-03,2022-12-26,Single,3,2,68.85,Hanson Gatecliff,hgatecliffox@mapy.cz,Cash
899,2022-12-28,2022-03-08,Double,1,0,173.56,Mada Robeiro,mrobeirooy@yandex.ru,Credit Card
900,2022-11-09,2022-01-21,Single,3,2,155.98,Natty Ianniello,nianniellooz@1688.com,Credit Card
901,2022-01-19,2022-03-22,Suite,1,2,279.94,Charmine Shildrake,cshildrakep0@wikimedia.org,Cash
902,2022-08-22,2022-10-13,Suite,3,0,57.04,Kailey China,kchinap1@dot.gov,PayPal
903,2022-03-19,2022-11-02,Single,3,1,286.09,Alfred Mullins,amullinsp2@hhs.gov,PayPal
904,2022-07-21,2022-03-14,Single,1,0,315.82,Milty Meader,mmeaderp3@stumbleupon.com,Credit Card
905,2022-04-09,2022-11-01,Double,4,0,425.88,Joyan Tratton,jtrattonp4@csmonitor.com,PayPal
906,2022-12-21,2022-08-07,Double,2,1,381.5,Maribeth Bigly,mbiglyp5@icio.us,Cash
907,2022-10-07,2022-12-10,Suite,4,2,270.11,Olenka Verson,oversonp6@netscape.com,PayPal
908,2022-01-07,2022-07-20,Suite,4,0,483.56,Christal Vasilyonok,cvasilyonokp7@hexun.com,Credit Card
909,2022-08-30,2022-06-28,Single,1,0,61.9,Dugald Ekkel,dekkelp8@va.gov,Credit Card
910,2022-07-25,2022-08-04,Single,4,2,480.41,Sarene Ruddock,sruddockp9@digg.com,Cash
911,2022-10-07,2022-09-24,Suite,3,2,100.48,Sammy Wickins,swickinspa@multiply.com,PayPal
912,2022-09-25,2022-02-13,Single,3,2,115.74,Cassandra Bastiman,cbastimanpb@uiuc.edu,PayPal
913,2022-12-28,2022-03-21,Double,4,0,418.04,Alie Pickance,apickancepc@hp.com,PayPal
914,2022-05-16,2022-01-20,Suite,3,1,60.38,Axe Marielle,amariellepd@netscape.com,PayPal
915,2022-07-12,2022-08-22,Double,2,1,93.53,Kristofor Wickling,kwicklingpe@home.pl,Cash
916,2022-04-02,2022-05-30,Single,3,1,301.89,Scarface Kempson,skempsonpf@bizjournals.com,PayPal
917,2022-04-08,2022-07-29,Double,2,1,270.36,Auria Dohmer,adohmerpg@nature.com,Credit Card
918,2022-01-24,2022-03-28,Double,1,2,222.87,Rubina Goldby,rgoldbyph@cafepress.com,PayPal
919,2022-05-07,2022-06-23,Double,4,2,204.53,Terry Billiard,tbilliardpi@whitehouse.gov,PayPal
920,2022-06-11,2022-12-20,Double,1,2,235.52,Wadsworth Skough,wskoughpj@flickr.com,Cash
921,2022-07-16,2022-09-20,Suite,1,1,50.79,Alexei Ferreo,aferreopk@barnesandnoble.com,Cash
922,2022-03-29,2022-04-11,Suite,3,1,401.81,Rheba Gapper,rgapperpl@list-manage.com,Cash
923,2022-01-15,2022-08-11,Double,2,0,52.86,Adiana Giabucci,agiabuccipm@stanford.edu,PayPal
924,2022-02-06,2022-05-11,Single,2,1,472.26,Greta Barrie,gbarriepn@dell.com,Credit Card
925,2022-02-03,2022-06-03,Single,3,1,69.06,Jules Glading,jgladingpo@tumblr.com,PayPal
926,2022-12-11,2022-07-16,Double,4,0,497.54,Hastings Roughan,hroughanpp@whitehouse.gov,PayPal
927,2022-06-13,2022-08-21,Suite,4,1,190.83,Allyson Ligoe,aligoepq@tuttocitta.it,PayPal
928,2022-12-13,2022-06-06,Single,2,1,71.35,Skye Biswell,sbiswellpr@i2i.jp,Cash
929,2022-08-29,2022-05-07,Double,1,2,389.96,Cornie Hutchinson,chutchinsonps@sina.com.cn,Cash
930,2022-02-05,2022-08-16,Single,2,1,384.04,Tremaine Hugonnet,thugonnetpt@nbcnews.com,Cash
931,2022-08-06,2022-10-20,Single,2,1,157.07,Stuart Sumshon,ssumshonpu@rakuten.co.jp,Cash
932,2022-02-14,2022-08-03,Suite,3,2,444.47,Francene Grabban,fgrabbanpv@surveymonkey.com,Credit Card
933,2022-12-16,2022-10-29,Double,2,0,62.27,Alano Sievewright,asievewrightpw@livejournal.com,Credit Card
934,2022-10-31,2022-04-18,Single,3,0,473.1,Rici Knevett,rknevettpx@godaddy.com,Cash
935,2022-08-24,2022-07-29,Suite,4,0,407.27,Bathsheba Bridgement,bbridgementpy@bloomberg.com,PayPal
936,2022-03-13,2022-03-23,Single,4,2,423.04,Rolando Berrington,rberringtonpz@telegraph.co.uk,Credit Card
937,2022-05-14,2022-01-11,Suite,1,0,164.08,Alethea Kinzel,akinzelq0@epa.gov,Credit Card
938,2022-11-05,2022-11-03,Single,2,0,358.66,Novelia Bree,nbreeq1@ox.ac.uk,PayPal
939,2022-08-18,2022-03-15,Suite,3,0,255.89,Willem Delves,wdelvesq2@toplist.cz,PayPal
940,2022-02-21,2022-03-20,Double,3,2,386.7,Brnaby Rentz,brentzq3@163.com,PayPal
941,2022-07-15,2022-07-13,Double,3,2,138.03,Glenn Dechelette,gdecheletteq4@dropbox.com,Credit Card
942,2022-01-28,2022-01-24,Double,2,0,436.56,Husain MacGown,hmacgownq5@pen.io,PayPal
943,2022-08-26,2022-05-25,Single,1,1,236.32,Vivianna Preuvost,vpreuvostq6@scientificamerican.com,Credit Card
944,2022-06-19,2022-10-03,Single,1,1,454.06,Suzette Annon,sannonq7@creativecommons.org,Cash
945,2022-07-16,2022-12-20,Suite,4,2,250.42,Gaynor Mouth,gmouthq8@apache.org,Cash
946,2022-06-09,2022-12-13,Single,3,1,95.63,Cosette Crimes,ccrimesq9@hhs.gov,Credit Card
947,2022-07-12,2022-06-25,Single,3,0,211.94,Brook Winstone,bwinstoneqa@china.com.cn,Cash
948,2022-06-09,2022-12-25,Double,2,1,452.39,Albina Blakeley,ablakeleyqb@va.gov,Credit Card
949,2022-03-20,2022-11-25,Single,4,1,326.45,Hilario Dominguez,hdominguezqc@w3.org,PayPal
950,2022-09-16,2022-08-20,Double,1,1,328.49,Clemmie Ellery,celleryqd@godaddy.com,Credit Card
951,2022-03-16,2022-06-05,Single,2,2,151.31,Zia Fishbourn,zfishbournqe@state.tx.us,Cash
952,2022-10-13,2022-06-19,Double,1,1,68.99,Maren Hurdedge,mhurdedgeqf@google.com.br,Cash
953,2022-05-30,2022-05-28,Suite,1,2,281.86,Krysta Hothersall,khothersallqg@cdc.gov,PayPal
954,2022-03-26,2022-09-14,Single,1,1,410.03,Em Goldsbury,egoldsburyqh@ebay.co.uk,Credit Card
955,2022-06-07,2022-05-08,Suite,3,1,245.41,Waiter Gurery,wgureryqi@senate.gov,Credit Card
956,2022-12-02,2022-09-20,Single,2,0,256.31,Hillary Dradey,hdradeyqj@webs.com,Credit Card
957,2022-11-08,2022-01-08,Single,4,0,275.19,Cornelia Dangerfield,cdangerfieldqk@histats.com,Cash
958,2022-08-24,2022-06-23,Single,1,1,386.05,Karmen Behneke,kbehnekeql@creativecommons.org,Cash
959,2022-05-03,2022-12-27,Single,4,0,394.93,Christel Missen,cmissenqm@bloglovin.com,PayPal
960,2022-08-06,2022-10-19,Suite,3,0,274.18,Ezechiel Gagie,egagieqn@slideshare.net,Credit Card
961,2022-07-17,2022-11-01,Single,1,2,441.24,Gun Hallad,ghalladqo@nationalgeographic.com,Cash
962,2022-05-02,2022-03-23,Single,1,1,384.28,Barbabra Driussi,bdriussiqp@si.edu,PayPal
963,2022-06-08,2022-04-06,Single,1,0,262.15,Murvyn Henaughan,mhenaughanqq@sakura.ne.jp,PayPal
964,2022-05-21,2022-05-10,Suite,3,1,245.89,Shirlene Hurdle,shurdleqr@virginia.edu,Credit Card
965,2022-09-15,2022-12-08,Suite,3,2,74.45,Susanna Mantz,smantzqs@dyndns.org,Cash
966,2022-11-22,2022-04-20,Double,4,2,231.67,Elyssa Hubbock,ehubbockqt@nasa.gov,Credit Card
967,2022-12-21,2022-07-10,Suite,2,1,164.32,Otes Kennon,okennonqu@nifty.com,Cash
968,2022-07-25,2022-07-16,Suite,2,2,343.6,Deanne McMonies,dmcmoniesqv@wisc.edu,Credit Card
969,2022-06-10,2022-03-21,Double,3,0,336.13,Samara Kamiyama,skamiyamaqw@va.gov,Cash
970,2022-06-12,2022-10-18,Double,3,0,357.63,Lelah Esome,lesomeqx@godaddy.com,Cash
971,2022-02-09,2022-12-19,Single,4,2,204.38,Belicia Hegel,bhegelqy@netvibes.com,Credit Card
972,2022-07-16,2022-08-18,Suite,1,2,289.76,Gawen Corben,gcorbenqz@google.cn,Credit Card
973,2022-07-21,2022-09-26,Single,2,1,258.58,Trudey Baldry,tbaldryr0@businessweek.com,Credit Card
974,2022-11-12,2022-08-19,Double,3,0,424.94,Decca Kelloway,dkellowayr1@creativecommons.org,Credit Card
975,2022-10-09,2022-07-03,Single,3,0,332.24,Portia Wrangle,pwrangler2@gizmodo.com,Cash
976,2022-03-30,2022-12-30,Single,4,1,361.76,Irving McVitie,imcvitier3@state.gov,PayPal
977,2022-12-22,2022-07-23,Double,3,0,165.57,Nikoletta Spragge,nspragger4@addtoany.com,Credit Card
978,2022-01-16,2022-07-04,Single,1,1,218.4,Terrel Lee,tleer5@narod.ru,Cash
979,2022-08-13,2022-07-29,Single,3,0,436.32,Giacopo Franzel,gfranzelr6@blogspot.com,PayPal
980,2022-11-23,2022-10-24,Single,4,2,158.6,Wildon Gumery,wgumeryr7@issuu.com,PayPal
981,2022-11-27,2022-09-04,Single,3,1,165.97,Seka Creevy,screevyr8@technorati.com,Cash
982,2022-07-08,2022-06-27,Double,4,2,163.87,Jonis Hoffmann,jhoffmannr9@comsenz.com,PayPal
983,2022-10-10,2022-06-27,Single,4,1,371.1,Ranique Arnold,rarnoldra@cbslocal.com,Credit Card
984,2022-08-18,2022-12-16,Single,2,2,376.04,Elaine Dugall,edugallrb@umich.edu,Cash
985,2022-09-18,2022-10-23,Suite,2,2,288.77,Conan Glazyer,cglazyerrc@house.gov,Credit Card
986,2022-06-16,2022-09-04,Suite,3,0,162.47,Trista Grinley,tgrinleyrd@yelp.com,Cash
987,2022-01-23,2022-08-15,Suite,1,2,419.91,Kiley Love,klovere@simplemachines.org,PayPal
988,2022-12-19,2022-11-11,Double,2,2,85.9,Godard Donnel,gdonnelrf@patch.com,Credit Card
989,2022-02-24,2022-07-08,Double,1,0,164.52,Perle Binny,pbinnyrg@about.com,PayPal
990,2022-02-01,2022-07-30,Single,1,0,227.8,Melly Batman,mbatmanrh@blinklist.com,PayPal
991,2022-11-26,2022-07-09,Suite,3,1,493.68,Vinny Capes,vcapesri@altervista.org,Cash
992,2022-02-04,2022-12-21,Double,2,2,233.93,Ronald Grute,rgruterj@google.es,Credit Card
993,2022-06-24,2022-11-19,Single,2,2,319.98,Gaylor Syversen,gsyversenrk@fotki.com,PayPal
994,2022-02-20,2022-06-13,Single,4,2,228.69,Karlis Rapper,krapperrl@chron.com,Credit Card
995,2022-12-24,2022-10-19,Double,1,0,310.81,Stephanie Noot,snootrm@indiegogo.com,Credit Card
996,2022-10-24,2022-07-07,Double,1,1,383.96,Xylina Pocklington,xpocklingtonrn@newsvine.com,Credit Card
997,2022-12-20,2022-02-11,Suite,1,2,272.28,Chan Gaiford,cgaifordro@bandcamp.com,PayPal
998,2022-05-03,2022-04-20,Single,2,0,57.67,Osborne Rittmeyer,orittmeyerrp@wikispaces.com,PayPal
999,2022-08-10,2022-03-14,Single,2,1,108.78,Livvyy Glass,lglassrq@statcounter.com,Cash
1000,2022-07-20,2022-08-04,Single,2,2,460.76,Georgette Karslake,gkarslakerr@washingtonpost.com,PayPal
